date,product,weight,location,condition,,,
15-Dec,,,,,,,
,chicken,10600,Nandos,frozen,,,
,chicken,13400,Nandos,frozen,,,
,brocolli,30000,GT Produce,,,,
,baby plum tomatoes,9000,GT Produce,,,,
,cherry tomatoes,7050,GT Produce,,,,
,baby plum tomatoes,9000,GT Produce,,,,
,baby plum tomatoes,9000,GT Produce,,,,
,tomatoes,6400,GT Produce,,,,
,brocolli,24120,GT Produce,,,,
,white cabbage,5650,GT Produce,,,,
,cherry tomatoes,5850,GT Produce,,,,
,baby plum tomatoes,3000,GT Produce,,,,
,cherry tomatoes,137000,GT Produce,,,,
,white cabbage,7450,GT Produce,,,,
,baby plum tomatoes,3000,GT Produce,,,,
,carrots,9750,GT Produce,,,,
,carrots,10150,GT Produce,,,,
,squash,77500,GT Produce,,,,
,white cabbage,9750,GT Produce,,,,
,baton carrots,2700,Dock Market,,,,
,diced potato,7500,Dock Market,,,,
,roast potato,1050,Dock Market,,,,
,diced potato,300,Dock Market,,,,
,turkey slices,1100,Dock Market,,,,
,chicken,300,Dock Market,,,,
,,400620,,,,,
16-Dec,,,,,,,
,milk,6000,Fr Ian,,,,
,rolls,100,Fr Ian,,,,
,pittas,2650,Fr Ian,,,,
,bread,1600,Fr Ian,,,,
,wraps,850,Fr Ian,,,,
,bananas,68000,Fr Ian,,,,
,milk,23000,Fr Ian,,,,
,drinks,19200,Fr Ian,,,,
,bread,3600,Fr Ian,,,,
,croissants,120,Fr Ian,,,,
,sandwich thins,250,Fr Ian,,,,
,wholemeal rolls,2800,Fr Ian,,,,
,great white rolls,1200,Fr Ian,,,,
,multigrain wraps,5400,Fr Ian,,,,
,wholemeal pitta,2000,Fr Ian,,,,
,naans,1000,Fr Ian,,,,
,kingsmill,4400,Fr Ian,,,,
,bagels,600,Fr Ian,,,,
,muffins,300,Fr Ian,,,,
,brioche rolls,750,Fr Ian,,,,
,pain au chocolate,200,Fr Ian,,,,
,,144020,,,,,
17-Dec,,,,,,,
,potatoes,243000,Private,,,,
,sardines,360,Private,,,,
,sardines,170,Private,,,,
,HP sauce,2300,Private,,,,
,,245830,,,,,
18-Dec,,,,,,,
,mince pies,5650,Private,,,,
,cocktail sausages,1000,Private,,,,
,tetley tea samples,400,LBSU,,,,
,boil in a bag rice,150,LBSU,,,,
,7 vegetable soup,400,LBSU,,,,
,tinned asparagus,298,LBSU,,,,
,chicken & sweetcorn soup,400,LBSU,,,,
,lasagne sheets,250,LBSU,,,,
,tinned pear halves,420,LBSU,,,,
,salt & vinegar crisps,25,LBSU,,,,
,smoky bacon crisps,25,LBSU,,,,
,prawn cocktail crisps,25,LBSU,,,,
,oatcakes,114,LBSU,,,,
,baked beans,410,LBSU,,,,
,garlic & herb dip,300,LBSU,,,,
,tinned pineapple,425,LBSU,,,,
,ketchup,20,LBSU,,,,
,olive selection,142,LBSU,,,,
,organic butter beans,600,LBSU,,,,
,honey yoghurt biscuits,100,LBSU,,,,
,plum tomatoes,800,LBSU,,,,
,country veg soup,400,LBSU,,,,
,breakfast tomatoes tinned,400,LBSU,,,,
,chopped tomatoes,400,LBSU,,,,
,moroccan cous cous,100,LBSU,,,,
,medium dry noodles,300,LBSU,,,,
,savoury chinese rice,120,LBSU,,,,
,dry tuna pasta bake mix,90,LBSU,,,,
,passover roll mix,200,LBSU,,,,
,pumpkin soup,45,LBSU,,,,
,chicken and sweetcorn soup,54,LBSU,,,,
,chicken savoury rice,120,LBSU,,,,
,casserole mix,35,LBSU,,,,
,thai style cuppa soup,55,LBSU,,,,
,jamaican chicken soup mix,50,LBSU,,,,
,choc angel delight,59,LBSU,,,,
,Chicken & mushroom pasta sauce mix,110,LBSU,,,,
,"chicken, leek, ham pasta sauce mix",120,LBSU,,,,
,quaker oats honey,150,LBSU,,,,
,pasta twist,500,LBSU,,,,
,rice,1000,LBSU,,,,
,tomato soup,300,LBSU,,,,
,baked beans,410,LBSU,,,,
,curry powder,90,LBSU,,,,
,chicken soup,400,LBSU,,,,
,mulitgrain porridge,50,LBSU,,,,
,baked beans,410,LBSU,,,,
,baked beans,410,LBSU,,,,
,baked beans,410,LBSU,,,,
,spaghetti hoops,395,LBSU,,,,
,spaghetti tinned,400,LBSU,,,,
,minestrone soup,400,LBSU,,,,
,baked beans,410,LBSU,,,,
,tomato & basil soup,400,LBSU,,,,
,tomato & basil soup,400,LBSU,,,,
,tomato & basil soup,400,LBSU,,,,
,tomato puree,142,LBSU,,,,
,spaghetti tinned,395,LBSU,,,,
,corned beef,340,LBSU,,,,
,ravioli in tomato sauce,200,LBSU,,,,
,moroccan cous cous,70,LBSU,,,,
,John West tuna,185,LBSU,,,,
,tinned sweetcorn,198,LBSU,,,,
,vegetable soup,400,LBSU,,,,
,marrowfat peas,300,LBSU,,,,
,spaghetti in tom sauce,400,LBSU,,,,
,chow mein instant noodles,105,LBSU,,,,
,pizatta biscuits,50,LBSU,,,,
,blackbean stiry fry sauce,120,LBSU,,,,
,dill sauce mix,25,LBSU,,,,
,root veg soup,400,LBSU,,,,
,hoisin & garlic stir fry sauce,120,LBSU,,,,
,instant mash,400,LBSU,,,,
,quick cook noodles,500,LBSU,,,,
,microwave popcorn,150,LBSU,,,,
,peeled plum tomatoes,230,LBSU,,,,
,sweet & sour noodles dry,67,LBSU,,,,
,boil in a bag rice,150,LBSU,,,,
,evaporated milk,170,LBSU,,,,
,rice pudding,400,LBSU,,,,
,sweet & sour noodles dry,60,LBSU,,,,
,chicken noodles dry,46,LBSU,,,,
,chilli noodles,50,LBSU,,,,
,new potatoes tinned,560,LBSU,,,,
,chicken soup mix,60,LBSU,,,,
,"tomato, herb, onion pasta mix",110,LBSU,,,,
,microwave egg fried rice,500,LBSU,,,,
,microwave basmati rice,260,LBSU,,,,
,French bread sticks,5550,LBSU,,,,
,,34260,,,,,
21-Dec,,,,,,,
,Marinated chicken ,2950,LS6 café,,,,
,potatoes ,7000,LS6 café,,,,
,parsley,500,LS6 café,,,,
,choc garrnish ,100,LS6 café,,,,
,crispy onions ,150,LS6 café,,,,
,falafel ,600,LS6 café,,,,
,relish ,1450,LS6 café,,,,
,jam ,200,LS6 café,,,,
,red amaranth ,30,LS6 café,,,,
,veg pickle ,1950,LS6 café,,,,
,roasted red pepper ,250,LS6 café,,,,
,falafel ,450,LS6 café,,,,
,whipping cream ,2000,LS6 café,,,,
,coriander sprounts ,30,LS6 café,,,,
,rosemary ,50,LS6 café,,,,
,chives,50,LS6 café,,,,
,cucumber,1050,LS6 café,,,,
,cheese,1850,LS6 café,,,,
,avocado,100,LS6 café,,,,
,coriander,200,LS6 café,,,,
,yogurt ,1450,LS6 café,,,,
,biscuits ,100,LS6 café,,,,
,strawberries,500,LS6 café,,,,
,bananas,2400,LS6 café,,,,
,cabbage ,2150,LS6 café,,,,
,tomatoes,3450,LS6 café,,,,
,Red kidney beans ,400,LBSU,,,,
,tomato soup ,400,LBSU,,,,
,plum tomatoes,400,LBSU,,,,
,baked beans,420,LBSU,,,,
,rice pudding,400,LBSU,,,,
,carrot and parsnip soup ,400,LBSU,,,,
,vegetable soup,400,LBSU,,,,
,carrot and coriander soup ,400,LBSU,,,,
,plum tomatoes,1200,LBSU,,,,
,chicken soup ,800,LBSU,,,,
,baked beans,425,LBSU,,,,
,highlanders broth ,400,LBSU,,,,
,baked beans,840,LBSU,,,,
,baked beans,415,LBSU,,,,
,vegetable ravioli ,205,LBSU,,,,
,sliced carrots ,600,LBSU,,,,
,tinned spaguetti ,400,LBSU,,,,
,tinned mixed vegetables ,400,LBSU,,,,
,baked beans,420,LBSU,,,,
,carrot and coriander soup ,400,LBSU,,,,
,baked beans,410,LBSU,,,,
,tomato and garlic pasta sauce ,500,LBSU,,,,
,kidney beans ,400,LBSU,,,,
,tinned spaguetti ,400,LBSU,,,,
,tinned macaroni cheese ,215,LBSU,,,,
,tinned tuna flakes ,185,LBSU,,,,
,diet coke ,2500,LBSU,,,,
,coca colalife ,500,LBSU,,,,
,coca cola zero ,500,LBSU,,,,
,baked beans,410,LBSU,,,,
,tinned pasta shapes ,205,LBSU,,,,
,veg big soup ,400,LBSU,,,,
,spaguetti hoops ,400,LBSU,,,,
,rice pudding,400,LBSU,,,,
,tinned spaguetti ,395,LBSU,,,,
,baked beans,1245,LBSU,,,,
,chopped tomatoes,400,LBSU,,,,
,evaporated milk,410,LBSU,,,,
,chopped tomatoes,400,LBSU,,,,
,cream of tomato soup ,400,LBSU,,,,
,tinned hot dogs,400,LBSU,,,,
,spaguetti in tomato sauce ,400,LBSU,,,,
,spaguetti in tomato sauce ,395,LBSU,,,,
,butter beans ,300,LBSU,,,,
,rice pudding,400,LBSU,,,,
,tinned sweetcorn,198,LBSU,,,,
,thai green curry sauce ,350,LBSU,,,,
,tinned macaroni cheese ,410,LBSU,,,,
,baked beans,425,LBSU,,,,
,plum tomatoes,400,LBSU,,,,
,drinking chocolate ,250,LBSU,,,,
,macaroni cheese ,395,LBSU,,,,
,cannelini beans ,300,LBSU,,,,
,tinned beef stew ,400,LBSU,,,,
,tomato and herb pasta mix ,110,LBSU,,,,
,fusilli pasta ,500,LBSU,,,,
,green tea ,40,LBSU,,,,
,pearl barley ,500,LBSU,,,,
,dry chickpeas ,500,LBSU,,,,
,red lentils ,500,LBSU,,,,
,steamed basmati rice ,250,LBSU,,,,
,lime and coriander steamed rice ,250,LBSU,,,,
,plain flour tortillas ,320,LBSU,,,,
,oranges ,1250,LBSU,,,,
,baked beans,415,LBSU,,,,
,plum tomatoes,400,LBSU,,,,
,vegetable soup ,400,LBSU,,,,
,multicrackes ,200,LBSU,,,,
,bacon super noodles ,100,LBSU,,,,
,tomato pasta sauce ,400,LBSU,,,,
,tinned chilli con carne ,400,LBSU,,,,
,tinned spaguetti ,400,LBSU,,,,
,meatballs in gravy ,388,LBSU,,,,
,weetabix,500,LBSU,,,,
,chopped tomatoes,400,LBSU,,,,
,tomato and pepper pasta sauce ,190,LBSU,,,,
,spaguetti in tomato sauce ,395,LBSU,,,,
,mushy peas ,300,LBSU,,,,
,tinned spaguetti loops,790,LBSU,,,,
,chicken soup ,400,LBSU,,,,
,Tikka masala sauce ,360,,,,,
,tinned tomato soup ,400,,,,,
,cream of tomato soup ,400,,,,,
,cream of chicken soup ,400,,,,,
,tinned tomato soup ,400,,,,,
,Roast chicken and veg soup ,400,,,,,
,mushroom soup ,400,,,,,
,tinned chicken soup ,400,,,,,
,pasta sauce ,440,,,,,
,baked beans,410,,,,,
,coffe granules,100,,,,,
,tinned new potatoes ,300,,,,,
,tinned potatoes,540,,,,,
,mushy peas ,300,,,,,
,canned beans ,400,,,,,
,mushorom soup ,200,,,,,
,chicken noodle soup ,800,,,,,
,apple and blackcurrant squash ,500,,,,,
,rice ,375,,,,,
,beans ,415,,,,,
,mixed fruit chutney,200,,,,,
,dry chilli ,250,,,,,
,tomato soup ,400,,,,,
,beans and tomato sauce ,200,,,,,
,tomato soup ,400,,,,,
,beans tomato tin ,415,,,,,
,tomato soup ,400,,,,,
,noodle ,150,,,,,
,eggs ,300,,,,,
,tinned beans ,200,,,,,
,golden syrup ,207,,,,,
,rice ,500,,,,,
,mushy peas ,300,,,,,
,alphabet pasta ,200,,,,,
,soup with noodles ,29,,,,,
,mushroom soup ,295,,,,,
,beans tin ,415,,,,,
,spaguetti bolognese ,800,,,,,
,tuna ,160,,,,,
,baked beans,410,,,,,
,curry sauce ,440,,,,,
,baked beans,420,,,,,
,lentil and bacon soup ,400,,,,,
,coconut powder ,300,,,,,
,bicarbonate ,200,,,,,
,chocolate powder ,118,,,,,
,custard ,140,,,,,
,noodle pot ,90,,,,,
,salt ,250,,,,,
,chilli con carne sauce ,500,,,,,
,spaguetti tomato ,400,,,,,
,ready mushrrom risotto ,120,,,,,
,stir fry sauce ,240,,,,,
,strawberry jelly ,135,,,,,
,ready pasta ,115,,,,,
,tinned tomato soup ,400,,,,,
,tinned mushroom soup ,400,,,,,
,pasta ,1000,,,,,
,custard ,72,,,,,
,spaguetti bolognese ,400,,,,,
,oat porridge ,150,,,,,
,biscuits ,300,,,,,
,ready pasta ,54,,,,,
,porridge ,50,,,,,
,pasta ,250,,,,,
,ready pasta ,728,,,,,
,soup bags ,107,,,,,
,soup bags ,76,,,,,
,noodles ,600,,,,,
,biscuits ,26,,,,,
,paprika ,23,,,,,
,soup ,35,,,,,
,dry mush ,200,,,,,
,chickpeas ,800,,,,,
,ready pasta ,250,,,,,
,ready meal ,250,,,,,
,cream ,3000,,,,,
,soup ,400,,,,,
,canned fruit ,300,,,,,
,soup croutons ,40,,,,,
,snack ,15,,,,,
,ready meal ,400,,,,,
,oats ,288,,,,,
,noodle ,65,,,,,
,soup ,400,,,,,
,tinned peas ,300,,,,,
,pasta bake ,500,,,,,
,spaguetti 100 ,400,,,,,
,tomato sauce ,440,,,,,
,soup ,400,,,,,
,UHT milk ,2500,,,,,
,beetroot soup ,49,,,,,
,soup flavour ,375,,,,,
,bread mix ,375,,,,,
,ready pasta ,250,,,,,
,sausage mix ,150,,,,,
,biscuits ,100,,,,,
,pancake mix ,40,,,,,
,ready pasta ,500,,,,,
,chocolate milk ,900,,,,,
,popcorn ,100,,,,,
,flavouring meat ,120,,,,,
,noodles ,450,,,,,
,rice ,1000,,,,,
,fruit tea ,100,,,,,
,fruit tin ,200,,,,,
,soup tins ,800,,,,,
,tomato tins ,112,,,,,
,white bean,112,,,,,
,tea bags ,250,,,,,
,soup ,120,,,,,
,soup ,300,,,,,
,hot dogs tin ,400,,,,,
,tomato soup ,400,,,,,
,pesto ,190,,,,,
,soured cream ,300,,,,,
,snack ,75,,,,,
,noodle ,300,,,,,
,soup ,400,,,,,
,rice ,500,,,,,
,pasta ,500,,,,,
,soup ,800,,,,,
,spaguetti ,800,,,,,
,sauce pasta ,1000,,,,,
,tomato tins ,800,,,,,
,soups ,280,,,,,
,custard ,72,,,,,
,stir fry sauce ,195,,,,,
,rice pudding ,800,,,,,
,condensed milk ,397,,,,,
,tomato sauce ,500,,,,,
,fruit tin ,800,,,,,
,tea bags ,250,,,,,
,soup ,400,,,,,
,tins ,2000,,,,,
,stocks ,60,,,,,
,tomato ketchup ,342,,,,,
,british pork ,521,,,,,
,tuna ,400,,,,,
,spaguetti ,400,,,,,
,baked beans,410,,,,,
,rice pudding ,400,,,,,
,couscous ,100,,,,,
,baked beans,410,,,,,
,sweet &sour sauce,425,,,,,
,pickled onions ,210,,,,,
,makhani sauce ,270,,,,,
,soups ,1000,,,,,
,soups ,300,,,,,
,rice,1400,,,,,
,stuffing mix ,85,,,,,
,fruit tins,1129,,,,,
,Beans tin ,415,,,,,
,soups ,970,,,,,
,couscous ,500,,,,,
,soups ,750,,,,,
,ready pasta ,120,,,,,
,soups ,60,,,,,
,tuna ,300,,,,,
,beans tin ,1600,,,,,
,ready risotto ,275,,,,,
,sugar ,300,,,,,
,rice,375,,,,,
,onions ,300,,,,,
,porridge ,312,,,,,
,cereals,450,,,,,
,noodles ,400,,,,,
,ready pasta ,750,,,,,
,pesto ,190,,,,,
,cornflour ,250,,,,,
,rice,250,,,,,
,tikka sauce ,450,,,,,
,noodles ,250,,,,,
,rice,1000,,,,,
,microwave rice ,1500,,,,,
,curry mix ,100,,,,,
,pasta ,1500,,,,,
,rice ,500,,,,,
,soup ,1700,,,,,
,baked beans,440,,,,,
,curry sauce ,300,,,,,
,tinned carrots ,300,,,,,
,peas,112,,,,,
,tuna ,400,,,,,
,soup,500,,,,,
,pasta sauce ,500,,,,,
,black bean sauce ,200,,,,,
,pasta flavouring ,340,,,,,
,tofu,800,,,,,
,fruit tins ,400,,,,,
,tomato tins ,400,,,,,
,soup ,400,,,,,
,pudding ,400,,,,,
,lasagna,250,,,,,
,noodle,150,,,,,
,bean sprounts,410,,,,,
,tomato sauce ,500,,,,,
,stock cubes,240,,,,,
,Chocolate mix ,1150,,,,,
,lasagna ,375,,,,,
,rice ,500,,,,,
,spaguetti ,500,,,,,
,soup ,400,,,,,
,spaguetti tin ,800,,,,,
,dried tomato ,180,,,,,
,loose tea ,250,,,,,
,brown sugar ,500,,,,,
,tinned tomatoes ,2400,,,,,
,tinned beans ,1600,,,,,
,tuna ,640,,,,,
,syrup pudding ,115,,,,,
,soups ,1200,,,,,
,hot chocolate ,300,,,,,
,cinnamon sticks ,400,,,,,
,sweetener ,105,,,,,
,hershey's,594,,,,,
,onions ,300,,,,,
,clementines,950,,,,,
,potatoes ,1100,,,,,
,xmas pudding ,445,,,,,
,stir ,450,,,,,
,fruit ,155,,,,,
,veg soup ,400,,,,,
,chilli tin ,1500,,,,,
,chocolate raisins ,7,,,,,
,red lentils ,500,,,,,
,lasagna ,375,,,,,
,jam ,450,,,,,
,mustard ,100,,,,,
,fruit tea ,52,,,,,
,tikka curry paste ,200,,,,,
,jam ,500,,,,,
,bacon jam ,110,,,,,
,gravy pot ,200,,,,,
,chorizo jam ,110,,,,,
,black treacle ,454,,,,,
,porridge ,20,,,,,
,custard ,150,,,,,
,milk tin ,410,,,,,
,mint sauce ,140,,,,,
,soups ,924,,,,,
,,171433,,,,,
23-Dec,,,,,,,
,Choc chip muffins ,2400,,,,,
,White choc cookies,300,,,,,
,sandwich tins ,800,,,,,
,passata,700,,,,,
,long grain rice ,500,,,,,
,fusilli ,500,,,,,
,mug shots ,201,,,,,
,steam pot ,150,,,,,
,cup a noodle,48,,,,,
,tuna chunks ,80,,,,,
,instant mash,160,,,,,
,ground ginger ,38,,,,,
,curry sauce mix ,48,,,,,
,raviolli ,800,,,,,
,macaroni cheese,395,,,,,
,mango chutney ,325,,,,,
,baking powder,170,,,,,
,pilchards,120,,,,,
,roastie coating ,48,,,,,
,fajita seasoning mix ,30,,,,,
,ginger preserve ,454,,,,,
,golden syrup,340,,,,,
,golden syrup,680,,,,,
,wholemeal flour ,1000,,,,,
,bicarb,100,,,,,
,cornflour ,125,,,,,
,lemon squash,750,,,,,
,sweetner,90,,,,,
,balsamic and honey dressing,240,,,,,
,cous cous ,2000,,,,,
,wing and rib sauce ,130,,,,,
,dried rice ,300,,,,,
,coucous stuffing ,150,,,,,
,dried yeast ,56,,,,,
,dried ravioli ,9500,,,,,
,cheese,2650,,,,,
,grapes,750,,,,,
,spicy salsa ,300,,,,,
,Baby potatoes,60000,GT Produce,,,,
,cherry tomatoes,86100,GT Produce,,,,
,carrots ,30000,GT Produce,,,,
,courgettes ,5100,GT Produce,,,,
,satsumas,42,GT Produce,,,,
,shallots ,5100,GT Produce,,,,
,onions,25000,GT Produce,,,,
,selection boxes ,5152,,,,,
,rocket ,550,,,,,
,,244472,,,,,
24-Dec,,,,,,,
,BBQ mix ,2400,Suma,,,,
,goats cheese with honey ,500,Suma,,,,
,live yogurt ,500,Suma,,,,
,vegetarian soft cheese ,300,Suma,,,,
,Cherry soy yogurt ,1000,Suma,,,,
,apple soy yogurt ,4000,Suma,,,,
,wrap,6300,Suma,,,,
,Banana chips ,3200,Suma,,,,
,sweet potato kettle crisps ,1280,Suma,,,,
,dairy free milk ,24000,,,,,
,sea salted crips ,27000,,,,,
,tyrrels crisps ,2880,,,,,
,oatmeal ,6500,,,,,
,kettle chips ,1800,,,,,
,bakarwadi bites ,6400,,,,,
,punes,12000,,,,,
,summer fruit punch ,99000,Suma,,,,
,,199060,,,,,
28-Dec,,,,,,,
,ginger cake ,1150,Taste,,,,
,vienesse biscuits ,600,Taste,,,,
,choc brownies ,600,Taste,,,,
,bacon quiche ,1050,Taste,,,,
,tuna mayo ,950,Taste,,,,
,stuffed peppers in oil ,900,Taste,,,,
,crayfish ,900,Taste,,,,
,baked beans,250,Taste,,,,
,roquefort ,600,Taste,,,,
,iced buns ,200,Taste,,,,
,lasagna ,2500,Taste,,,,
,bread ,3200,Taste,,,,
,meatballs ,950,Taste,,,,
,cucumber and tomato ,800,Taste,,,,
,chicken in pesto ,650,Taste,,,,
,prawns ,150,Taste,,,,
,plain tuna ,500,Taste,,,,
,cauliflower ,11400,,,,,
,wholemeal baps ,1850,,,,,
,hovis wholemeal,1600,,,,,
,pancakes ,500,,,,,
,coleslaw,2000,,,,,
,wholemeal bagels ,600,,,,,
,strwberries,250,,,,,
,fruit cross buns ,300,,,,,
,mini muffins ,650,,,,,
,hovis soft white ,400,,,,,
,tomato pizza base,270,,,,,
,"bacon, leek and roquefort tart ",400,,,,,
,british pork ,608,,,,,
,british beef ,400,,,,,
,lamb leg shanks ,897,,,,,
,mayonnaise ,400,LBSU,,,,
,oatcakes chilli ,150,LBSU,,,,
,desicated coconut ,200,LBSU,,,,
,mustard ,170,LBSU,,,,
,lime curd,411,LBSU,,,,
,spicy tomato salsa,200,LBSU,,,,
,lentils ,1850,LBSU,,,,
,grain ,250,LBSU,,,,
,mung beans ,1200,LBSU,,,,
,green lentils ,150,LBSU,,,,
,dry kidney beans ,400,LBSU,,,,
,veg bouillion,50,LBSU,,,,
,parsley,100,LBSU,,,,
,sage and onion stuffing ,100,LBSU,,,,
,wholegrain mustard ,300,LBSU,,,,
,oxo veg stock ,50,LBSU,,,,
,red lentils ,150,LBSU,,,,
,whole nutmeg ,50,LBSU,,,,
,sage ,150,LBSU,,,,
,tarragon ,10,LBSU,,,,
,dried seaweed ,150,LBSU,,,,
,whole allspice ,50,LBSU,,,,
,brown mustard seeds,344,LBSU,,,,
,dried thyme ,47,LBSU,,,,
,whole cloves ,146,LBSU,,,,
,dill tops ,113,LBSU,,,,
,chilli powder ,63,LBSU,,,,
,cinnamon ,128,LBSU,,,,
,black ground pepper ,150,LBSU,,,,
,cumin ,132,LBSU,,,,
,vandevi ,51,LBSU,,,,
,ground cinnamon ,110,LBSU,,,,
,all spice ,133,LBSU,,,,
,marjoram ,119,LBSU,,,,
,oregano ,108,LBSU,,,,
,rosemary ,157,LBSU,,,,
,mustard seeds ,131,LBSU,,,,
,black mustard seeds ,153,LBSU,,,,
,cinnamon sticks ,29,LBSU,,,,
,green cardamon ,101,LBSU,,,,
,curry leaves ,20,LBSU,,,,
,cumin ,85,LBSU,,,,
,brown rice ,201,LBSU,,,,
,ground coriander ,93,LBSU,,,,
,bay leaves ,15,LBSU,,,,
,curry powder ,118,LBSU,,,,
,cardammon ,17,LBSU,,,,
,tarragon ,23,LBSU,,,,
,oxo veg stock ,68,LBSU,,,,
,mixed spices ,251,LBSU,,,,
,small chocolate marshmallow ,42000,German market ,,,,
,german burgers ,4900,German market ,,,,
,bread buns ,1650,German market ,,,,
,pate ,3050,German market ,,,,
,basting fat ,2200,German market ,,,,
,german cakes and biscuits ,3700,German market ,,,,
,chocolate truffles ,18000,German market ,,,,
,large chocolate marshmallow,9520,German market ,,,,
,flapjacks ,13350,Out of this world ,,,,
,,146092,,,,,
29-Dec,,,,,,,
,unsalted butter ,1250,,,,,
,onions ,7750,,,,,
,carrots ,450,,,,,
,peppers ,1300,,,,,
,chilli ,200,,,,,
,celery ,250,,,,,
,apple,150,,,,,
,oranges ,150,,,,,
,thyme,60,,,,,
,,11560,,,,,
30-Dec,,,,,,,
,vanilla cheesecake ,525,,,,,
,treacle tart ,425,,,,,
,lemon tart ,300,,,,,
,honey ,250,,,,,
,coca cola,4000,,,,,
,,5500,,,,,
31-Dec,,,,,,,
,organic alpro soya milk ,60000,Suma,,,,
,vegan gouda style slices ,1600,Suma,,,,
,G/f veggie burgers ,7200,Suma,,,,
,raw coconut water ,14000,Suma,,,,
,marinated tofu pieces ,24000,Suma,,,,
,gnocchi w/ wild garlic ,4800,Suma,,,,
,gnocchi w/ pumpkin ,14400,Suma,,,,
,ravioli w/ vegetables ,1200,Suma,,,,
,beef style pieces ,8100,Suma,,,,
,sesame burgers ,3420,Suma,,,,
,alfafa and brocolli sprounts ,4800,Suma,,,,
,alfafa and fenugreek sprounts ,2200,Suma,,,,
,alfafa and radish sprounts ,200,Suma,,,,
,sunflower sprounts ,1000,Suma,,,,
,alfafa sprounts ,1300,Suma,,,,
,adzuki sprounts ,400,Suma,,,,
,china rose/ rambo radish sprounts ,2300,Suma,,,,
,organic brown eggs ,38880,Suma,,,,
,rachels peach yogurt ,150,Suma,,,,
,rachels cherry yogurt,2700,Suma,,,,
,rachels vanilla yogurt ,1350,Suma,,,,
,rachels cherry yogurt,900,Suma,,,,
,rachels vanilla yogurt ,5850,Suma,,,,
,rachels goosebery yogurt ,4500,Suma,,,,
,rachels rhubard yogurt ,10800,Suma,,,,
,rachels natural yogurt ,24300,Suma,,,,
,rachels raspberry yogurt ,10800,Suma,,,,
,rachels cherry yogurt,1350,Suma,,,,
,rachels strawberry yogurt ,2100,Suma,,,,
,lemon and ginger drink ,800,Suma,,,,
,sojade strawberry yogurt ,750,Suma,,,,
,sojade mango yogurt ,250,Suma,,,,
,sojade cherry yogurt ,125,Suma,,,,
,sojade banana yogurt ,16800,Suma,,,,
,rachels greek yogurt ,2700,Suma,,,,
,yeo valley natural yogurt ,29000,Suma,,,,
,woodlands natural yogurt ,10350,Suma,,,,
,sojade apricot yogurt ,10400,Suma,,,,
,sojade blackcurrant yogurt ,4800,Suma,,,,
,sojade mango yogurt ,3200,Suma,,,,
,cottage cheese ,9200,Suma,,,,
,bread ,3850,,,,,
,cured bacon ,500,,,,,
,lettuce,800,,,,,
,sliced peppers ,200,,,,,
,bread cakes ,800,,,,,
,sliced tomatoes ,900,,,,,
,sliced cucumber ,950,,,,,
,chicken mayo ,650,,,,,
,cream of tomato soup ,6000,,,,,
,tuna mayo ,950,,,,,
,honey and mustard mayo ,2100,,,,,
,mayonnaise ,2050,,,,,
,cured ham ,200,,,,,
,sliced chicken tikka ,300,,,,,
,bread,3400,,,,,
,cabbage slaw,2500,,,,,
,sausages ,500,,,,,
,,369625,,,,,
02-Jan,,,,,,,
,Toblerone ,400,,,,,
,chocolates ,309,,,,,
,,709,,,,,
03-Jan,,,,,,,
,cranberry sauce ,250,,,,,
,horseradish ,170,,,,,
,xmas pudding ,250,,,,,
,icing sugar ,500,,,,,
,yeast ,7,,,,,
,mixed spice ,33,,,,,
,sage ,13,,,,,
,paprika ,46,,,,,
,caraway seed,38,,,,,
,fennel seed ,28,,,,,
,herb and spice blend ,15,,,,,
,basil ,5,,,,,
,vanilla pods ,2,,,,,
,,1357,,,,,
04-Jan,,,,,,,
,cupcakes ,3250,,,,,
,,3250,,,,,
05-Jan,,,,,,,
,black olives ,230,,,,,
,pork hog hammer ,1600,,,,,
,mushrooms ,60,,,,,
,bread crumbs ,30,,,,,
,shrimp,30,,,,,
,burger mince ,10,,,,,
,bread puffs ,1700,,,,,
,earl grey tea ,250,,,,,
,bread ,1000,,,,,
,,4910,,,,,
06-Jan,,,,,,,
,mince meat burger ,3000,,,,,
,bread ,7000,,,,,
,,10000,,,,,
07-Jan,,,,,,,
,mince pies ,14700,Suma,,,,
,xmas pudding ,12600,Suma,,,,
,organic corn chips w/ lemon ,13500,Suma,,,,
,alpro soya milk ,12000,Suma,,,,
,sojade cherry yogurt ,7200,Suma,,,,
,organic sultanas ,12500,Suma,,,,
,choc milk coco yogurt ,3000,Suma,,,,
,natural yogurt  ,6000,Suma,,,,
,meat free meatballs ,2100,Suma,,,,
,xmas pudding ,28800,Suma,,,,
,happy monkey smoothies ,12960,Suma,,,,
,organic mince pies ,4320,Suma,,,,
,organic mince pies filling ,5120,Suma,,,,
,raw chocolate star ,3200,Suma,,,,
,strawberry yogurt ,3000,Suma,,,,
,tyrells veg crisps ,1800,Suma,,,,
,wholemeal flour ,7500,Suma,,,,
,organic xmas pudding ,100,Suma,,,,
,buckwheat flour ,1000,Suma,,,,
,rye flour ,17000,Suma,,,,
,plum pudding ,13500,Suma,,,,
,tinned tomato soup ,7100,,,,,
,veg soup ,1900,,,,,
,couscous ,500,,,,,
,yellow split peas ,500,,,,,
,broth mix ,500,,,,,
,tomato and mascarpone soup ,350,,,,,
,muesli ,850,,,,,
,porridge oats ,500,,,,,
,strawberry country crisp,500,,,,,
,cornflakes ,500,,,,,
,shredded wheat ,270,,,,,
,special k ,500,,,,,
,all bran ,750,,,,,
,crunchy nut cornflakes ,35,,,,,
,quaker oats ,338,,,,,
,belvita ,300,,,,,
,weetabix ,1200,,,,,
,sugar puffs ,450,,,,,
,shreddies ,500,,,,,
,tea bags ,2000,,,,,
,black tea ,500,,,,,
,lemon and ginger tea,30,,,,,
,kellogs ,672,,,,,
,malted wheaties ,625,,,,,
,tea bags ,5325,,,,,
,oats so simple ,660,,,,,
,branflakes ,500,,,,,
,ready oats ,500,,,,,
,sugar puffs ,1250,,,,,
,fruit and nut muesli ,1000,,,,,
,biscuits ,200,,,,,
,lentil dahl ,150,,,,,
,marble cake ,400,,,,,
,variety crisps ,150,,,,,
,tea biscuits ,500,,,,,
,mince pies ,350,,,,,
,caramelized biscuits ,325,,,,,
,bacon crisps ,150,,,,,
,macaroni pasta ,500,,,,,
,sultana pop tarts ,178,,,,,
,soup in a mug ,66,,,,,
,apple water ,1000,,,,,
,tomato cup a soup ,96,,,,,
,apricots in syrup ,234,,,,,
,sage and onion stuffing ,85,,,,,
,veg mug soup ,72,,,,,
,instant soup ,42,,,,,
,savoury rice ,120,,,,,
,chicken noodle soup ,35,,,,,
,spring veg soup ,34,,,,,
,couscous ,100,,,,,
,penne pasta ,500,,,,,
,oyster delight dessert ,600,,,,,
,g/f brown bread mix ,375,,,,,
,pasta mix w/ veg ,500,,,,,
,jelly mix ,80,,,,,
,profiterole mix ,153,,,,,
,g/f bread mix ,375,,,,,
,tinned chickpeas ,400,,,,,
,tomato pasta sauce ,500,,,,,
,tofu ,349,,,,,
,mango slices ,425,,,,,
,condensed milk ,397,,,,,
,tinned spaghetti,800,,,,,
,apricot halves ,773,,,,,
,chunky chicken soup ,300,,,,,
,tuna chunks ,160,,,,,
,sandwiches cookies ,150,,,,,
,evaporated milk,170,,,,,
,mandarin segments ,624,,,,,
,tomato and chilli pasta sauce ,290,,,,,
,instant noodles ,85,,,,,
,spanish mussels ,110,,,,,
,chopped tomatoes,400,,,,,
,cup a soup ,104,,,,,
,penne pasta ,500,,,,,
,tea,150,,,,,
,couscous ,450,,,,,
,baked beans,415,,,,,
,tinned new potatoes ,567,,,,,
,passata w/ basil ,500,,,,,
,harrot beans ,300,,,,,
,bolognese sauce ,500,,,,,
,Blueberry jam ,310,,,,,
,sardines ,120,,,,,
,pear halves ,695,,,,,
,tinned chickpeas ,800,,,,,
,chicken curry mix ,33,,,,,
,plum tomatoes ,400,,,,,
,condensed chicken soup ,295,,,,,
,tinned mandarin ,596,,,,,
,carrot and coriander soup ,400,,,,,
,pineapple slices ,439,,,,,
,salsa dip ,300,,,,,
,hipper fillets ,190,,,,,
,green thai curry sauce ,350,,,,,
,new potatoes tinned ,300,,,,,
,beef and ale sauce ,500,,,,,
,mexican beef mix ,37,,,,,
,mince pies ,1200,,,,,
,chopped tomatoes,7200,,,,,
,minestrone soup ,5600,,,,,
,veg soup ,5000,,,,,
,chicken soup,2800,,,,,
,tomato soup,5600,,,,,
,potato and leek ,1200,,,,,
,oxtail soup ,800,,,,,
,mushroom soup ,1895,,,,,
,chicken curry soup ,400,,,,,
,pea and ham soup ,400,,,,,
,3 bean red pepper soup ,400,,,,,
,cream of chicken soup ,295,,,,,
,instant soup ,38,,,,,
,oxo cubes ,45,,,,,
,chopped tomatoes,390,,,,,
,passata ,500,,,,,
,leek and potato soup ,124,,,,,
,vegetable soup mix ,300,,,,,
,red grapefruit segments ,284,,,,,
,tomato and basil soup ,400,,,,,
,banana and cinnamon tea ,80,,,,,
,chicken cup a soup ,50,,,,,
,crackers ,360,,,,,
,chicken and leek bake ,35,,,,,
,stir fry sauce ,600,,,,,
,savoury rice ,120,,,,,
,minestrone soup ,61,,,,,
,couscous ,100,,,,,
,rice ,240,,,,,
,tomato soup,400,,,,,
,black eyed beans ,400,,,,,
,tinned sweetcorn,340,,,,,
,tinned chickpeas ,800,,,,,
,casserole mix,35,,,,,
,tinned beans ,410,,,,,
,tuna,160,,,,,
,tinned tomatoes ,400,,,,,
,tuna,370,,,,,
,white kidney beans ,400,,,,,
,milk,19000,,,,,
,mince pies ,1200,,,,,
,cheese biscuits ,360,,,,,
,penne pasta ,1000,,,,,
,chicken soup,88,,,,,
,tea bags ,300,,,,,
,chilli sauce ,440,,,,,
,mushy peas ,300,,,,,
,scotch broth ,2000,,,,,
,blackberries in syrup ,900,,,,,
,veg and bean chilli ,400,,,,,
,veg soup ,400,,,,,
,chickpea,200,,,,,
,porridge ,180,,,,,
,quacker oats ,160,,,,,
,roasted almond cake ,1450,,,,,
,roasted almond cake ,1400,,,,,
,black pepper ,40,,,,,
,,305109,,,,,
08-Jan,,,,,,,
,chicken ,8400,nandos ,,,,
,chicken ,7800,nandos ,,,,
,barley and rice ,3550,Susan BBQ ,,,,
,beef and ale sauce ,2650,Tortilla,,,,
,chicken,1400,Tortilla,,,,
,black beans ,1750,Tortilla,,,,
,green chilli ,450,Tortilla,,,,
,spicy beef ,450,Tortilla,,,,
,rice ,4750,Tortilla,,,,
,,31200,,,,,
09-Jan,,,,,,,
,crips ,37800,Suma,,,,
,nan bread,12000,Suma,,,,
,banana crunch ,55620,Suma,,,,
,yeo valley lemon curd ,8100,Suma,,,,
,sojade blackcurrant yogurt ,2800,Suma,,,,
,sajade mango ,2000,Suma,,,,
,sojade natural ,2000,Suma,,,,
,sojade blueberry ,2000,Suma,,,,
,sojade cranberry ,7600,Suma,,,,
,sojade vanilla ,800,Suma,,,,
,provamel lime and lemon ,500,Suma,,,,
,yeo valley natural yogurt ,3600,Suma,,,,
,yeo valley raspberry ,4950,Suma,,,,
,bio vanilla yogurt ,2000,Suma,,,,
,chicken style pieces,450,Suma,,,,
,vegan cheese ,1600,Suma,,,,
,gnocchi w/ wild garlic ,1600,Suma,,,,
,veggie hard cheese ,1800,Suma,,,,
,soft sheep milk cheese ,600,Suma,,,,
,organic cheese ,162,Suma,,,,
,mashed potato mix ,2000,,,,,
,tomatoes ,60000,GT Produce ,,,,
,yellow pepper ,25000,GT Produce ,,,,
,lettuce,75,amerikorean,,,,
,,235057,,,,,
10-Jan,,,,,,,
,Coriander rice ,4650,Tortilla,,,,
,jalapenos ,450,Tortilla,,,,
,chicken ,90000,Tortilla,,,,
,pork ,500,Tortilla,,,,
,shredded beef ,650,Tortilla,,,,
,black beans,1750,Tortilla,,,,
,coriander ,250,Tortilla,,,,
,dill ,100,Tortilla,,,,
,little gem ,75,Tortilla,,,,
,rice ,2200,Tortilla,,,,
,spaghetti ,1800,Tortilla,,,,
,,102425,,,,,
11-Jan,,,,,,,
,xmas cake ,4000,,,,,
,shortbread stars ,1350,,,,,
,custard creams ,913,,,,,
,pilau rice ,250,,,,,
,borbournes ,312,,,,,
,shortbread biscuits,424,,,,,
,richtrees ,222,,,,,
,cup a soup ,237,,,,,
,syrup cake ,396,,,,,
,gingerbread man ,72,,,,,
,tea bags ,131,,,,,
,yorkshire biscuits ,400,,,,,
,organic hot chocolate ,300,,,,,
,cranberry sauce ,500,,,,,
,peppermint tea bags ,100,,,,,
,nettle tea ,40,,,,,
,tomato juice ,1000,,,,,
,dark chocolate ,150,,,,,
,assam tea ,65,,,,,
,peppers ,2800,,,,,
,pork ,800,,,,,
,beans ,800,,,,,
,salad,700,,,,,
,chicken ,58000,,,,,
,rice ,900,,,,,
,,74862,,,,,
12-Jan,,,,,,,
,cakes ,2000,,,,,
,peppers ,1000,,,,,
,beans ,1500,,,,,
,pork ,1200,,,,,
,ground nutmeg ,600,,,,,
,veggie gravy ,520,,,,,
,bourllon,1500,,,,,
,salt ,1000,,,,,
,couscous,250,,,,,
,crispbread,330,,,,,
,oatcakes,250,,,,,
,broth mix ,500,,,,,
,veg soup ,400,,,,,
,mushroom soup ,400,,,,,
,chicken chasseur,500,,,,,
,fruit cocktail,415,,,,,
,red onion chutney,340,,,,,
,red label tea bags,500,,,,,
,tea bags ,500,,,,,
,loose tea,250,,,,,
,tea bags ,500,,,,,
,beans ,200,,,,,
,porridge oats ,1000,,,,,
,oatbran,800,,,,,
,passata,500,,,,,
,strawberry whip,38,,,,,
,ginger biscuits,150,,,,,
,noodles,100,,,,,
,penne rigata,500,,,,,
,plum conserve,454,,,,,
,bran flakes,500,,,,,
,mince pies ,350,,,,,
,balsamic vinegar,125,,,,,
,evaporated milk,410,,,,,
,fusili tricolour,500,,,,,
,chicken bouillion cube,400,,,,,
,savoury rice ,120,,,,,
,squeeze & stir tomato soup,280,,,,,
,tuna,198,,,,,
,pear halves ,420,,,,,
,chicken & sweetcorn soup,400,,,,,
,pasta & sauc e,120,,,,,
,instant custard,225,,,,,
,mince pies ,350,,,,,
,lasagne sauce,470,,,,,
,apricot halves ,420,,,,,
,pear halves ,420,,,,,
,bolognese mushroom sauce,500,,,,,
,conchiglie,500,,,,,
,crackers ,150,,,,,
,tuna flakes,340,,,,,
,sweetcorn,652,,,,,
,tomato soup,400,,,,,
,penne pasta ,500,,,,,
,mashed potato mix ,2000,,,,,
,instant custard,450,,,,,
,tea bags ,125,,,,,
,raspberry delight,700,,,,,
,pure honey,340,,,,,
,chicken soup,400,,,,,
,irish stew,784,,,,,
,pitted prunes,500,,,,,
,tonic water,150,,,,,
,peach slices,205,,,,,
,soft prunes,200,,,,,
,processed peas,600,,,,,
,mushy peas ,300,,,,,
,tuna chunks,555,,,,,
,pineapple pieces,850,,,,,
,tomato soup,400,,,,,
,creamed rice,425,,,,,
,grapefruit segment,225,,,,,
,chopped tomatoes,400,,,,,
,minestrone soup ,400,,,,,
,baked beans,420,,,,,
,veg soup ,400,,,,,
,carroway seeds,10,,,,,
,rock candy,80,,,,,
,oat cakes,150,,,,,
,red pepper & roasted garlic,110,,,,,
,sweet onion relish,110,,,,,
,spaghetti,1900,,,,,
,fusili  ,2800,,,,,
,semolina,3000,,,,,
,pg tips,2500,north Leeds food bank,,,,
,tea bags ,250,north Leeds food bank,,,,
,meduim strength tea,3000,north Leeds food bank,,,,
,tea bags ,125,north Leeds food bank,,,,
,turkish delight,500,north Leeds food bank,,,,
,fusili,3000,north Leeds food bank,,,,
,christmas cake,80,north Leeds food bank,,,,
,penne pasta ,3000,north Leeds food bank,,,,
,coconut milk,400,north Leeds food bank,,,,
,lemon squash,750,north Leeds food bank,,,,
,paxo stuffing,130,north Leeds food bank,,,,
,spaghetti,500,,,,,
,BBQ chicken mix,19,,,,,
,pasta  ,500,,,,,
,tuna,80,,,,,
,sunbites,25,,,,,
,ready salted crisps,25,,,,,
,crisps,500,,,,,
,pasta n sauce,122,,,,,
,tea bags ,152,,,,,
,instant custard,300,,,,,
,christmas slices,215,,,,,
,leaf spinach,380,,,,,
,tonic water,900,,,,,
,orange jelly,135,,,,,
,strawberry jelly,270,,,,,
,chopped tomatoes,400,,,,,
,express porridge,250,,,,,
,porridge & barley,200,,,,,
,mini cheddars,25,,,,,
,crisps,60,,,,,
,nature valley bar,42,,,,,
,assorted toffee,20,,,,,
,belvita biscuits,25,,,,,
,,64816,,,,,
13-Jan,,,,,,,
,Cheese ,1000,,,,,
,cheese ,1190,,,,,
,rice ,6000,,,,,
,red leicester ,200,,,,,
,emmental ,100,,,,,
,red peppers,2851,GT Produce ,,,,
,cherry tomatoes,32000,GT Produce ,,,,
,Scottish swede,125000,GT Produce ,,,,
,sweet potato,30000,GT Produce ,,,,
,cinnamon powder,100,,,,,
,marasal mix,100,,,,,
,mackerel,400,,,,,
,black bean sauce,195,,,,,
,yorkshire pudding mix,142,,,,,
,stirring sauce,190,,,,,
,marasala curry sauce,1000,,,,,
,stuffing mix,85,,,,,
,pear halves ,415,,,,,
,dolmio sauce,340,,,,,
,pasta bake,500,,,,,
,cumin mix,100,,,,,
,cupa soup,206,,,,,
,tikka marsala,420,,,,,
,pumpkin seed,100,,,,,
,sunflower seed,100,,,,,
,knorr veg soup,75,,,,,
,noodles,225,,,,,
,knorr soup,27,,,,,
,super noodles,62,,,,,
,pink salmon,213,,,,,
,sage & onion stuffing,200,,,,,
,bread sauce mix,70,,,,,
,so juicy mixed herbs,30,,,,,
,mint sauce,540,,,,,
,tomato sauce,555,,,,,
,stuffing mix,170,,,,,
,italian herbs,23,,,,,
,lemon curd,411,,,,,
,pesto,190,,,,,
,tartare sauce,165,,,,,
,chicken meatballs,392,,,,,
,express rice,500,,,,,
,gravy granules,200,,,,,
,pears in syrup,410,,,,,
,pasta n sauce,110,,,,,
,piri piri sauce,1000,,,,,
,mexican herbs,40,,,,,
,wholegrain mustard ,210,,,,,
,smash,280,,,,,
,sardines ,120,,,,,
,custard  ,1000,,,,,
,porridge,360,,,,,
,fagita mix,30,,,,,
,brecki,125,,,,,
,mackerel,250,,,,,
,rice ,250,,,,,
,fruit cocktail,1245,,,,,
,pear halves ,227,,,,,
,pork ,400,,,,,
,sliced pineapple,2592,,,,,
,herring fillets,200,,,,,
,oranges in syrup,175,,,,,
,smoked bacon soup,400,,,,,
,meatballs,392,,,,,
,apricot halves ,227,,,,,
,mandarin segments ,298,,,,,
,sardines ,360,,,,,
,chopped pork,340,,,,,
,beef paste,75,,,,,
,grapefruit in juice,539,,,,,
,sliced pineapple,432,,,,,
,rice pudding,2000,,,,,
,turkey roll,200,,,,,
,mandarin oranges ,150,,,,,
,rice pudding ,624,,,,,
,corn beef ,200,,,,,
,mackrel ,125,,,,,
,sardines ,120,,,,,
,sardine paste ,75,,,,,
,spaguetti hoops ,205,,,,,
,jelly ,115,,,,,
,fruit cocktail ,681,,,,,
,spaguetti hoops ,800,,,,,
,custard,390,,,,,
,macaroni cheese ,200,,,,,
,grapefruit ,284,,,,,
,mandarin segments ,600,,,,,
,pineapple slices ,227,,,,,
,apricot halves ,227,,,,,
,tuna in brine ,80,,,,,
,tuna in spring water ,185,,,,,
,tuna in spring water ,198,,,,,
,tuna in brine ,185,,,,,
,aubergine ,336,,,,,
,brocolli ,394,,,,,
,parsnip ,87,,,,,
,sprounts ,359,,,,,
,courgette ,213,,,,,
,green cabbage ,613,,,,,
,chapattis ,720,,,,,
,pizza base ,300,,,,,
,ryvita ,200,,,,,
,ryvita ,180,,,,,
,sponge slice ,2220,,,,,
,bakewell tart ,400,,,,,
,fruit cake ,400,,,,,
,choc muffins ,540,,,,,
,carrot cake ,280,,,,,
,tomato and mushrooms ,1140,,,,,
,tomato and garlic ,3875,,,,,
,tomato and mushrooms ,2900,,,,,
,spicy tomato ,3815,,,,,
,bolognese sauce ,8665,,,,,
,tomato and chunky veg ,2500,,,,,
,tomato and chargrilled veg,700,,,,,
,tomato and basil ,1670,,,,,
,tomato soup ,25200,,,,,
,chicken soup ,12800,,,,,
,big soup ,5800,,,,,
,veg soup ,5200,,,,,
,oxtail soup ,1200,,,,,
,minestrone soup ,1200,,,,,
,beef broth ,3200,,,,,
,mushroom soup ,1095,,,,,
,mango slices ,425,,,,,
,rhubarb ,539,,,,,
,mandarin ,298,,,,,
,fruit cocktail ,420,,,,,
,pineapple ,667,,,,,
,pasta sauce ,940,,,,,
,tomato in red wine sauce ,1050,,,,,
,meatballs sauce ,500,,,,,
,chicken tonight sauce ,1000,,,,,
,tomato lasagna sauce ,500,,,,,
,sweet and sour sauce,4750,,,,,
,tomato and mascarpone pasta ,4400,,,,,
,pasta bake ,445,,,,,
,homepride cook in sauce ,1500,,,,,
,potato and leek soup ,400,,,,,
,baked beans,415,,,,,
,dumplings ,142,,,,,
,pancake mix ,155,,,,,
,,333488,,,,,
14-Jan,,,,,,,
,milk ,1000,,,,,
,mango pulp ,850,,,,,
,peri peri sauce ,375,,,,,
,grilled peppers ,540,,,,,
,cheesy beans ,780,,,,,
,scotch broth ,415,,,,,
,fruit cocktail ,415,,,,,
,christmas pudding ,454,,,,,
,soy sauce ,150,,,,,
,chickpeas,400,,,,,
,rice pudding ,425,,,,,
,cock a leekie soup ,415,,,,,
,lentil and bacon soup ,415,,,,,
,highlanders soup ,415,,,,,
,spaguetti hoops ,395,,,,,
,minestrone soup ,400,,,,,
,peach slices ,411,,,,,
,hoisin sauce ,270,,,,,
,bean sprounts ,200,,,,,
,spicy tomato soup ,415,,,,,
,cup a soup ,50,,,,,
,oat biscuit ,116,,,,,
,pickled ginger ,454,,,,,
,plum tomatoes ,1200,,,,,
,mushy peas ,300,,,,,
,minestrone soup ,400,,,,,
,spaguetti hoops ,205,,,,,
,peach slices,2466,,,,,
,chilli con carne ,1600,,,,,
,spinach leaf ,765,,,,,
,mixed pickle ,460,,,,,
,chicken soup ,800,,,,,
,xmas pudding ,350,,,,,
,thai green soup ,400,,,,,
,salmon ,213,,,,,
,tomato soup ,400,,,,,
,minestrone soup ,400,,,,,
,lobster bisque ,415,,,,,
,dried rice ,1880,,,,,
,xmas pudding ,150,,,,,
,nougat ,160,,,,,
,mango slices ,140,,,,,
,unknown seed ,466,,,,,
,beans ,415,,,,,
,evaporated milk,410,,,,,
,potato and leek soup ,400,,,,,
,fruit cocktail ,411,,,,,
,cannellini beans ,220,,,,,
,fuji apples ,385,,,,,
,mustard ,170,,,,,
,custard ,400,,,,,
,rhubarb in syrup ,539,,,,,
,veg soup ,800,,,,,
,thai curry ,410,,,,,
,ton kha soup ,400,,,,,
,beans,200,,,,,
,chicken and sweetcorn soup ,400,,,,,
,wasabi peas ,40,,,,,
,pasta and sauce ,220,,,,,
,dried milk ,1360,,,,,
,broken mandarins ,312,,,,,
,pickled onions ,454,,,,,
,sambal oelek ,100,,,,,
,pineapple chunks ,435,,,,,
,chicken soup ,400,,,,,
,marshmallows ,340,,,,,
,xmas pudding ,907,,,,,
,noodles ,300,,,,,
,pasta sauce ,350,,,,,
,chopped tomatoes ,400,,,,,
,brandy butter ,195,,,,,
,xmas pudding ,350,,,,,
,angel delight ,177,,,,,
,grain bars ,444,,,,,
,fruit flakes ,50,,,,,
,rice pudding ,400,,,,,
,crisps ,23,,,,,
,xmas pudding ,454,,,,,
,dumpling mix ,142,,,,,
,rice ,1000,,,,,
,tomato cup a soup ,80,,,,,
,plum tomatoes ,800,,,,,
,meatballs ,300,,,,,
,,38523,,,,,
15-Jan,,,,,,,
,tomato spice sauce,1000,,,,,
,,1000,,,,,
16-Jan,,,,,,,
,steak,10000,,,,,
,cooked rice,650,,,,,
,,10650,,,,,
17-Jan,,,,,,,
,burger buns,9150,,,,,
,,9150,,,,,
19-Jan,,,,,,,
,bread,5400,Waitrose,,,,
,bananas,24800,Waitrose,,,,
,chicken leg,110,Waitrose,,,,
,pisette,800,Waitrose,,,,
,moroccan cous cous,820,Waitrose,,,,
,salads,800,Waitrose,,,,
,tarte au citron,470,Waitrose,,,,
,lettuce,400,Waitrose,,,,
,lettuce,220,Waitrose,,,,
,coleslaw,200,Waitrose,,,,
,french salad dressing,175,Waitrose,,,,
,houmous,200,Waitrose,,,,
,gravy,1500,Waitrose,,,,
,smokey BBQ sauce,500,Waitrose,,,,
,veg soup ,600,Waitrose,,,,
,veg gratin,390,Waitrose,,,,
,milk,2000,Waitrose,,,,
,ginger preserve,340,Waitrose,,,,
,new potatoes,1500,Waitrose,,,,
,,41225,,,,,
20-Jan,,,,,,,
,leeks,1500,,,,,
,yorkshire tea,250,,,,,
,decaf coffee,200,,,,,
,fresh mint,50,,,,,
,tomatoes,975,,,,,
,oranges,700,,,,,
,brocolli,4250,,,,,
,aubergine,450,,,,,
,mushrooms,2100,,,,,
,courgettes,70,,,,,
,brocolli,3800,,,,,
,butternut squash,2850,,,,,
,courgettes,300,,,,,
,bananas,7150,,,,,
,fresh linguine,500,,,,,
,black bean sauce,140,,,,,
,arancini,150,,,,,
,bread,5450,,,,,
,hereford meatballs,1200,,,,,
,beef chipolatas,340,,,,,
,venison meatballs,800,,,,,
,pineapple  ,1000,,,,,
,cheese,2150,,,,,
,sour cream,200,,,,,
,kiwis,400,,,,,
,cox apples,200,,,,,
,clementines,1000,,,,,
,diced melon,200,,,,,
,gu cheesecakes,450,,,,,
,fresh custard,1000,,,,,
,,39825,,,,,
21-Jan,,,,,,,
,beef stock cubes,400,,,,,
,chicken stock cubes,160,,,,,
,beef gravy granules,200,,,,,
,chicken gravy granules,280,,,,,
,coat & bake seasoning,30,,,,,
,,1070,,,,,
22-Jan,,,,,,,
,Tempura batter ,560,Waitrose,,,,
,Potato smiles ,900,Waitrose,,,,
,Red pepper,200,Waitrose,,,,
,Sweetcorn ,500,Waitrose,,,,
,salad,145,Waitrose,,,,
,limes,500,Waitrose,,,,
,indian dips ,200,Waitrose,,,,
,chillies,50,Waitrose,,,,
,apples ,1200,Waitrose,,,,
,wraps,250,Waitrose,,,,
,carrots,600,Waitrose,,,,
,sprounts and bacon ,240,Waitrose,,,,
,sweet and sour dip ,140,Waitrose,,,,
,cauliflower,600,Waitrose,,,,
,yorkshire pudding ,180,Waitrose,,,,
,actimel ,1000,Waitrose,,,,
,fish pie ,200,Waitrose,,,,
,lamb hearts ,340,Waitrose,,,,
,onion and garlic dip ,240,Waitrose,,,,
,bread ,12900,Waitrose,,,,
,bananas,10400,Waitrose,,,,
,potatoes,5400,Waitrose,,,,
,burgers,900,Waitrose,,,,
,brocolli,2100,Waitrose,,,,
,beef ,1500,Waitrose,,,,
,lamb chops ,3600,Waitrose,,,,
,onions,750,Waitrose,,,,
,garlic,750,Waitrose,,,,
,spinach and ricotta pasta ,1000,Waitrose,,,,
,quorn fillets ,1200,Waitrose,,,,
,seafood risotto ,2775,Waitrose,,,,
,herbs ,140,Waitrose,,,,
,avocado ,300,Waitrose,,,,
,bacon ,400,Waitrose,,,,
,crisp seaweed ,60,Waitrose,,,,
,yogurt ,5500,Waitrose,,,,
,soured cream ,1500,Waitrose,,,,
,single cream ,1000,Waitrose,,,,
,mushroom pie ,1050,Waitrose,,,,
,celery ,700,Waitrose,,,,
,vege meat balls ,350,Waitrose,,,,
,lentils ,400,Waitrose,,,,
,cranberries ,300,Waitrose,,,,
,,63020,,,,,
23-Jan,,,,,,,
,salt ,750,Heidi food photographer,,,,
,shortcrust pastry,500,Heidi food photographer,,,,
,fish pancakes,1620,Heidi food photographer,,,,
,chicken,8000,Heidi food photographer,,,,
,beef joint,4000,Heidi food photographer,,,,
,lamb joint,2300,Heidi food photographer,,,,
,turkey ,4700,Heidi food photographer,,,,
,pork shoulder,3500,Heidi food photographer,,,,
,meatballs,4000,Heidi food photographer,,,,
,chicken selection,9600,Heidi food photographer,,,,
,pork pates,6400,Heidi food photographer,,,,
,gammon joint,5600,Heidi food photographer,,,,
,buffallo wing,5400,Heidi food photographer,,,,
,pork joints,2600,Heidi food photographer,,,,
,turkey,3700,Heidi food photographer,,,,
,salmon ,2313,Heidi food photographer,,,,
,uncut bread,3200,Heidi food photographer,,,,
,leg of lamb,2500,Heidi food photographer,,,,
,hot sauce,509,Heidi food photographer,,,,
,bread,4800,Heidi food photographer,,,,
,potatoes,2500,Heidi food photographer,,,,
,onions,10000,We love this,,,,
,red onion ,28000,We love this,,,,
,parsnips,8250,We love this,,,,
,baking potatoes,5000,We love this,,,,
,tomatoes,312,We love this,,,,
,onions,673,We love this,,,,
,carrots,510,We love this,,,,
,potatoes,2143,We love this,,,,
,sprouts,1136,We love this,,,,
,cauliflower,935,We love this,,,,
,onions,553,We love this,,,,
,tomatoes,1179,We love this,,,,
,chickpeas,20000,We love this,,,,
,brocolli,4010,We love this,,,,
,chilli powder ,2000,We love this,,,,
,bay leaves,1000,We love this,,,,
,golden breadcrumbs,4000,We love this,,,,
,fennel seed,2113,We love this,,,,
,ajwain seeds,1325,We love this,,,,
,garam masala,1200,We love this,,,,
,red split lentils,4000,We love this,,,,
,cinnamon powder,2000,We love this,,,,
,corainder powder,1010,We love this,,,,
,paprika,400,We love this,,,,
,cinnammon sticks,1000,We love this,,,,
,tomatoes,3000,We love this,,,,
,garlic cloves,523,We love this,,,,
,mushroom,896,We love this,,,,
,sprouts,6252,We love this,,,,
,cumin powder,4000,We love this,,,,
,red onions,575,We love this,,,,
,cabbage,11395,We love this,,,,
,tomatoes,5639,We love this,,,,
,aubergine,6407,We love this,,,,
,onions,671,We love this,,,,
,carrots,4457,We love this,,,,
,tomatoes,793,We love this,,,,
,red onion,613,We love this,,,,
,leeks,1500,We love this,,,,
,coffee,100,We love this,,,,
,squash,2500,We love this,,,,
,poatoes,6850,We love this,,,,
,corriander,215,We love this,,,,
,thyme,191,We love this,,,,
,mint,216,We love this,,,,
,basil,503,We love this,,,,
,cauliflower,7600,We love this,,,,
,leeks,8300,We love this,,,,
,red onion,24750,We love this,,,,
,parsnips,11500,We love this,,,,
,onions,18950,We love this,,,,
,carrots,1230,We love this,,,,
,tomatoes,23000,We love this,,,,
,potatoes,18820,We love this,,,,
,pumpkin & squash,1820,We love this,,,,
,,354507,,,,,
26-Jan,,,,,,,
,Sugar,40000,NLFB,,,,
,fruit & fibre cereal,21500,,,,,
,value tea bags,560,,,,,
,tesco original tea,2250,,,,,
,yorkshire tea,2500,,,,,
,M&S tea,500,,,,,
,Twinnings tea,750,,,,,
,Waitrose tea,500,,,,,
,PG tips,1500,,,,,
,Earl grey,250,,,,,
,Asda price,250,,,,,
,Typhoo tea,750,,,,,
,Harrods tea,250,,,,,
,Fairtrade tea,250,,,,,
,Tetley tea,2250,,,,,
,Prune juice,1000,,,,,
,piccalilli,460,,,,,
,ginger jam,2000,,,,,
,dumpling mix ,142,,,,,
,chopped toms,400,,,,,
,chopped toms with herbs,400,,,,,
,vegetable soup,12000,,,,,
,tofu,349,,,,,
,pumpkin soup,400,,,,,
,poato & leek soup,400,,,,,
,oyster & spring onion sauce,120,,,,,
,maltese capers,290,,,,,
,sunflower seeds,200,,,,,
,wasabi tube,43,,,,,
,herbal ginger tea,161,,,,,
,mint tea,250,,,,,
,chamomile tea,25,,,,,
,knorr soup,90,,,,,
,green tea bags,50,,,,,
,english tea ,20,,,,,
,TVP mince,500,,,,,
,xmas kipling cake,15,,,,,
,liquour chocolate,120,,,,,
,pineapple chunks ,280,,,,,
,biscuits,200,,,,,
,J2O,550,,,,,
,Gingerade low cal,2000,,,,,
,white wine vinegar,500,,,,,
,lemonade,2000,,,,,
,ginger beer,2000,,,,,
,shloer,750,,,,,
,vinegar malt,568,,,,,
,Chicken,12100,nandos,,,,
,chicken,1150,,,,,
,Quinoa,478,Molli,,,,
,veg soup ,1265,,,,,
,pizza base ,600,,,,,
,,117936,,,,,
27-Jan,,,,,,,
,Strawberry cereal,2250,,,,,
,"crunchy nut """,360,,,,,
,hot oat cereal,750,,,,,
,wheat weetabix,1432,,,,,
,sugar puffs,625,,,,,
,"crunchy nut """,500,,,,,
,friit fibre,750,,,,,
,special K,189,,,,,
,coco pops,240,,,,,
,variety pack,250,,,,,
,fruit musili porridge,340,,,,,
,all bran,500,,,,,
,scot porrioge oats,4000,,,,,
,stawberry gonola,1000,,,,,
,just right,500,,,,,
,gluten free porridge,210,,,,,
,malt grain fruit,500,,,,,
,multi grain porridge,1620,,,,,
,fruit fibre,1000,,,,,
,tomato sauce,350,,,,,
,tomato red pepper,350,,,,,
,cuppa soups,250,,,,,
,drinking chocolate,500,,,,,
,turkish delight,250,,,,,
,chocoalte tart,130,,,,,
,vanilla biscuit,240,,,,,
,baby milk,800,,,,,
,baby beetroot,455,,,,,
,coconut rice,560,,,,,
,golden veg rice,230,,,,,
,plum jam,500,,,,,
,mushy peas ,900,,,,,
,marrowfat peas,360,,,,,
,baked beans,413,,,,,
,beans & sausage tin,413,,,,,
,evaporated milk,410,,,,,
,macaroni cheese ,400,,,,,
,peeled plum tom,1600,,,,,
,chopped toms,400,,,,,
,spaghetti tin,800,,,,,
,spaghetti ,205,,,,,
,Tin potatoes,800,,,,,
,chick peas,1440,,,,,
,baked beans,400,,,,,
,tuna chunks,640,,,,,
,ambrossia rice,800,,,,,
,lychees,425,,,,,
,mixed bean salad,700,,,,,
,black eyed peas,300,,,,,
,veg soup ,800,,,,,
,spring veg soup,400,,,,,
,mulligatamy soup,400,,,,,
,chilli sauce ,300,,,,,
,chicken veg soup,400,,,,,
,sliced peaches,410,,,,,
,cream of chicken soup ,400,,,,,
,hot dogs,400,,,,,
,brandy butter ,190,,,,,
,grapefruit marmalade,340,,,,,
,manadarin segments,312,,,,,
,steak & kidney pie,425,,,,,
,sweet & sour sauce,320,,,,,
,old oak ham,300,,,,,
,cuppa soup mushroom,96,,,,,
,choc mini rolls,15,,,,,
,xmas pudding ,450,,,,,
,enchilada pack,40,,,,,
,beef gravy granules,44,,,,,
,chopped toms garlic,390,,,,,
,waffles,25,,,,,
,italian sliced toms,390,,,,,
,strawberry jelly,5,,,,,
,semolina,96,,,,,
,mixed cereal,425,,,,,
,loose pasta,1000,,,,,
,Plums,8000,GT Produce ,,,,
,grapes,9000,GT Produce ,,,,
,bananas,18140,GT Produce ,,,,
,Green prickly ash grain,150,,,,,
,soy black bean drink,1000,,,,,
,yentafo sauce,908,,,,,
,fish sauce,5700,,,,,
,vinegar for dumplings,25,,,,,
,curry chutney,120,,,,,
,sushi vinegar,100,,,,,
,coffee,100,,,,,
,milk,2000,,,,,
,peri peri sauce ,4000,,,,,
,,90653,,,,,
28-Jan,,,,,,,
,bisto gravy granuals,300,,,,,
,bacon ,600,,,,,
,bread,2850,,,,,
,milk,2000,,,,,
,green giant,250,,,,,
,corned beef,340,,,,,
,broad beens,600,,,,,
,plum tomatoes ,400,,,,,
,bread mix,500,,,,,
,custard mix,72,,,,,
,pasta sauce ,340,,,,,
,red kidney beans,400,,,,,
,Fish & chips crisps,46080,(Morris & Sons) Apprv fd ,,,,
,jaffa cakes,4800,,,,,
,cola,7920,,,,,
,spicy peanuts,2400,,,,,
,mini fingers,2800,,,,,
,RC Cola,7920,,,,,
,Taxi biscuits,300,,,,,
,choc biscuits,3600,,,,,
,veg soup ,4400,,,,,
,choc biscuits,300,,,,,
,fox's creams,336,,,,,
,ribena,8000,,,,,
,crackers,750,,,,,
,oyster delights,1000,,,,,
,choc cake,300,,,,,
,mc'vities biscuits,500,,,,,
,shortbread,1200,,,,,
,smash,600,,,,,
,burger sauce,1780,,,,,
,oats,1500,,,,,
,cheese & broc soup mix,13500,,,,,
,oxtail soup ,4500,,,,,
,veg soup mix,2250,,,,,
,chkn noodle soup,6750,,,,,
,scoth broth,6750,,,,,
,sponge mix ,17500,,,,,
,crumble mix,3500,,,,,
,cookie mix,3500,,,,,
,thickening granuals,3000,,,,,
,stuffin mix,10000,,,,,
,super malt fusion,118800,,,,,
,choc pizza,550,,,,,
,muesli,375,,,,,
,champignons,8560,,,,,
,chic noodle soup mix,225,,,,,
,french onion soup mix,225,,,,,
,gravy granuals,225,,,,,
,oxtail soup mix,225,,,,,
,veg soup,2250,,,,,
,veg soup,4800,,,,,
,peanuts,400,,,,,
,bitter lemon juice,19000,,,,,
,blackurrent juice,6000,,,,,
,thai curry sauce,2150,,,,,
,shott juice,1500,,,,,
,fruit & barley,3000,,,,,
,lemonade,4000,,,,,
,orange,1000,,,,,
,ribena,1000,,,,,
,carrots,10000,,,,,
,peas,2500,,,,,
,green peas,5000,,,,,
,grapefruit segments,12000,,,,,
,advent calenders,680,,,,,
,tomato sauce,18160,,,,,
,bruschettas,240,,,,,
,tomato soup,4300,,,,,
,fruit cocktail,1650,,,,,
,spaghetti hoops,5240,,,,,
,tuna chunks,1730,,,,,
,fajita kits,3325,,,,,
,fajita kits,1000,,,,,
,thai glutinous rice,10000,,,,,
,cracker crisps,200,,,,,
,chopped pork,1810,,,,,
,balti sauce,448,,,,,
,mango chutney,2500,,,,,
,arrabbiata sauce,2150,,,,,
,horseraddish sauce,4540,,,,,
,mustard,2250,,,,,
,cherkins,3960,,,,,
,fruit cocktails,5000,,,,,
,tahai chilli sauce,2150,,,,,
,cooking salt,12500,,,,,
,vanilla coke,1750,,,,,
,ginger apple juice,1500,,,,,
,rubharb & ginger juice,740,,,,,
,chilli sauce ,3000,,,,,
,honey,1250,,,,,
,veg cocktail,1500,,,,,
,sucron,750,,,,,
,lucozade,1000,,,,,
,lemonade,1500,,,,,
,wisnia,440,,,,,
,coco pops,1475,,,,,
,risce crispies,510,,,,,
,honey B's,750,,,,,
,cheerios ,375,,,,,
,Shreddies,750,,,,,
,shredded wheat,270,,,,,
,sausages,1388,,,,,
,bakewell tarts,1525,,,,,
,bread,402,nellys barn,,,,
,,484881,,,,,
29-Jan,,,,,,,
,,10287,,,,,
,,250,,,,,
,,400,,,,,
,,415,,,,,
,,411,,,,,
,,145,,,,,
,,200,,,,,
,,500,,,,,
,,298,,,,,
,,800,,,,,
,,652,,,,,
,,410,,,,,
,,176,,,,,
,,53,,,,,
,,723,,,,,
,,15720,,,,,
30-Jan,,,,,,,
,cucumber,87100,,,,,
,apples,60800,,,,,
,melons,72000,,,,,
,lettuce,4800,,,,,
,grapes,2700,,,,,
,honey pomelo,10200,,,,,
,fresh eggs,1100,,,,,
,melon ,12900,,,,,
,raspberry jelly,500,,,,,
,blackcurrant jelly,1700,,,,,
,,253800,,,,,
01-Feb,,,,,,,
,cooked rice,4437,busan BBQ,,,,
,teabags,1692,,,,,
,,6129,,,,,
02-Feb,,,,,,,
,Bread,28000,,,,,
,Courgettes,3800,,,,,
,cabbage,2200,,,,,
,kale,3900,,,,,
,powdered milk,175,,,,,
,bolognese sauce,660,,,,,
,peach pudding ,220,,,,,
,paxo stuffing ,300,,,,,
,maccaroni pasta,250,,,,,
,spinach pesto ,190,,,,,
,macaroni cheese ,410,,,,,
,chopped tomatoes,800,,,,,
,chilli cook in sauce ,295,,,,,
,baked beans,1230,,,,,
,pink salmon,418,,,,,
,pineapple slices,425,,,,,
,veg soup ,410,,,,,
,sage and onion,170,,,,,
,spaguetti,800,,,,,
,mayonnaise,500,,,,,
,pea and ham soup ,400,,,,,
,3 bean broth ,415,,,,,
,chicken and sweetcorn soup ,400,,,,,
,chickpeas,420,,,,,
,lentil soup ,405,,,,,
,evaporated milk,410,,,,,
,peeled tomatoes,400,,,,,
,,48003,,,,,
03-Feb,,,,,,,
,tofu,300,,,,,
,radish,120,,,,,
,potato,225,,,,,
,little gem lettuce,175,,,,,
,carrots,276,,,,,
,garlic,174,,,,,
,brocolli,1000,,,,,
,mushrooms,100,,,,,
,brussel sprouts,250,,,,,
,coffee,100,,,,,
,coconut oil ,500,,,,,
,coffee,200,,,,,
,raspberry tea ,30,,,,,
,corned beef ,680,,,,,
,sage and onion,170,,,,,
,,4300,,,,,
04-Feb,,,,,,,
,burgers,957,nellys barn,,,,
,coffee,300,,,,,
,milk,200,,,,,
,virgin oil,500,,,,,
,bread flour,1500,,,,,
,leeks,500,,,,,
,onions,14700,,,,,
,margerine,1000,,,,,
,smoked garlic ,20000,,,,,
,oranges,84000,,,,,
,satsumas,84000,,,,,
,red mustard frills ,150,,,,,
,sage and onion,160,,,,,
,basil,90,,,,,
,chevnl,80,,,,,
,chives,1180,,,,,
,oregano,20,,,,,
,limes,16000,,,,,
,plain flour ,1250,,,,,
,rice crispies,7140,,,,,
,orange juice,1000,,,,,
,butterscotch bottles,3900,,,,,
,golden syrup ,3900,,,,,
,spaguetti hoops,4740,,,,,
,chocolate sauce ,2400,,,,,
,noodles,680,,,,,
,blueberry buns ,180,,,,,
,finger rolls ,1800,,,,,
,sliced peaches,2750,,,,,
,orangeade,200,,,,,
,milk ,2000,,,,,
,sugar ,1000,,,,,
,tonic water ,12000,,,,,
,dandelion and burdock ,2000,,,,,
,sparkling water ,2000,,,,,
,vimto cordial ,3000,,,,,
,longlife milk ,1000,,,,,
,mince pies ,100,,,,,
,baby carrots ,250,,,,,
,tinned spaguetti ,200,,,,,
,corned beef ,340,,,,,
,tin garden peas,265,,,,,
,tin spaguetti ,410,,,,,
,mushy peas ,300,,,,,
,cream of tomato soup ,1600,,,,,
,Plum tomatoes ,400,,,,,
,sliced carrots ,300,,,,,
,green olive ,520,,,,,
,chicken soup ,400,,,,,
,pineapple slices,260,,,,,
,chopped tomatoes,800,,,,,
,tomato soup ,300,,,,,
,curry soup ,400,,,,,
,mandarin ,175,,,,,
,macaroni cheese ,205,,,,,
,mushroom soup ,400,,,,,
,chicken and ham paste ,150,,,,,
,ravioli beef ,200,,,,,
,thai red curry paste ,285,,,,,
,coffee ,350,,,,,
,pot noodle ,270,,,,,
,coffee ,35200,,,,,
,ginger and lemongrass drink ,150,,,,,
,chicken cup soup ,304,,,,,
,pasta shells ,500,,,,,
,linguine ,500,,,,,
,gravy granules ,800,,,,,
,egg noodles ,375,,,,,
,swiss roll ,30,,,,,
,lemon curd ,325,,,,,
,jasmine rice ,500,,,,,
,pudding rice ,500,,,,,
,baby milk ,400,,,,,
,harvests chewee ,30,,,,,
,chicken and ham paste ,75,,,,,
,hollaindaise sauce ,25,,,,,
,pasta mug ,64,,,,,
,red bull ,2000,,,,,
,mcvities biscuits ,300,,,,,
,coconut rice ,560,,,,,
,packet and pasta sauce ,110,,,,,
,tin spaguetti ,400,,,,,
,kidney beans ,400,,,,,
,chickpeas ,400,,,,,
,red kidney beans ,240,,,,,
,custard ,800,,,,,
,tinned spaguetti ,410,,,,,
,minestrone soup ,83,,,,,
,Hot chocolate ,120,,,,,
,rose tea ,100,,,,,
,tropical juice ,1000,,,,,
,blueberry porridge ,624,,,,,
,oxtail soup ,400,,,,,
,chopped tomatoes,800,,,,,
,pasta n sauce ,83,,,,,
,biscuits ,112,,,,,
,jam ,250,,,,,
,rice ,250,,,,,
,crisps ,50,,,,,
,pea and ham soup ,400,,,,,
,rogan josh sauce ,840,,,,,
,angel delight ,44,,,,,
,sauce ,25,,,,,
,broad beans ,195,,,,,
,baked beans,620,,,,,
,choc coins ,70,,,,,
,pineapple slices,260,,,,,
,lentil soup ,400,,,,,
,marrowfat peas ,180,,,,,
,ravioli beef ,200,,,,,
,custard ,400,,,,,
,sardines,750,,,,,
,mince pies ,1000,,,,,
,mustard ,265,,,,,
,pearl barley ,500,,,,,
,aspargus soup ,112,,,,,
,porridge ,50,,,,,
,crisps ,50,,,,,
,haribo ,10,,,,,
,garlic mayo ,280,,,,,
,tomato soup ,192,,,,,
,dahl mix ,175,,,,,
,instant milk ,400,,,,,
,hot and spicy marmalade ,275,,,,,
,ale and mushroom sauce ,445,,,,,
,pea soup ,216,,,,,
,savoury rice ,120,,,,,
,cereal bars ,264,,,,,
,lasagna sheets ,500,,,,,
,cereal,300,,,,,
,ketchup ,700,,,,,
,box of chocs ,108,,,,,
,pasta ,500,,,,,
,penne pasta ,1000,,,,,
,cream crackers ,300,,,,,
,chicken jalfrezi ,400,,,,,
,peach slices,247,,,,,
,veg soup ,1200,,,,,
,potato and leek soup ,400,,,,,
,oxtail soup ,400,,,,,
,chicken soup ,400,,,,,
,minestrone soup ,400,,,,,
,fish stock ,392,,,,,
,chicken broth ,400,,,,,
,spag bol tin ,410,,,,,
,salsa dip ,300,,,,,
,raisins ,850,,,,,
,baby milk ,900,,,,,
,shreddies ,500,,,,,
,baby milk ,1200,,,,,
,marble cake ,15,,,,,
,cottage cheese balls ,500,,,,,
,baked beans,830,,,,,
,apricot halves ,420,,,,,
,peach slices ,415,,,,,
,,359152,,,,,
05-Feb,,,,,,,
,chicken legs,1020,,,,,
,chicken breast,475,,,,,
,frozen chips ,1000,,,,,
,fruit tea cakes ,250,,,,,
,green veg ,250,,,,,
,smoked salmon ,100,,,,,
,chicken sandwich ,250,,,,,
,brocolli and cauliflower ,300,,,,,
,baking potatoes ,5000,,,,,
,bananas,5750,,,,,
,carrots ,700,,,,,
,pears ,600,,,,,
,steak crisps ,1000,,,,,
,harrissa homous ,820,,,,,
,aubergine dip ,600,,,,,
,salmon mousse ,100,,,,,
,limes ,550,,,,,
,spring onions ,100,,,,,
,chicken liver pate ,160,,,,,
,choc fudge brownie ,250,,,,,
,cookies ,400,,,,,
,baking apple ,300,,,,,
,oranges ,9850,,,,,
,cauliflower,650,,,,,
,wholemeal bread ,1650,,,,,
,red chillies ,50,,,,,
,plums,1250,,,,,
,stock,500,,,,,
,toasted almonds ,900,,,,,
,sugar ,600,,,,,
,sundried tomato paste ,100,,,,,
,caesar dressing ,175,,,,,
,brocolli,400,,,,,
,cox apples ,600,,,,,
,spinach ,250,,,,,
,wafer ham ,120,,,,,
,tapanades,50,,,,,
,tinned cherry tomatoes ,400,,,,,
,honey roast ham ,130,,,,,
,british ham ,240,,,,,
,organic ham ,90,,,,,
,chicken and tabouleh salad,250,,,,,
,honey mustard dressing ,175,,,,,
,smoked ham ,180,,,,,
,gluten free bread ,560,,,,,
,sour dough bread ,500,,,,,
,brocolli quiche ,400,,,,,
,pork sausages ,400,,,,,
,wensleydale cheese ,300,,,,,
,raspberry jelly ,115,,,,,
,tinned sardines ,95,,,,,
,chicken breast ,120,,,,,
,mint ,25,,,,,
,apple juice ,7000,,,,,
,spicy chilli nuts ,1540,,,,,
,chicken liver pate ,800,,,,,
,bacon ,360,,,,,
,peppers ,200,,,,,
,quorn burger ,180,,,,,
,coleslaw ,1000,,,,,
,smoked ham ,90,,,,,
,sour dough bread ,500,,,,,
,garlic baguettes ,340,,,,,
,pork shoulder ,500,,,,,
,onions ,500,,,,,
,wholemeal bagels ,300,,,,,
,mixed salads ,200,,,,,
,pork sausages rolls ,200,,,,,
,crème caramels ,300,,,,,
,quorn burger ,200,,,,,
,pak choi ,235,,,,,
,butter ,450,,,,,
,mushroom risotto ,350,,,,,
,spag bol ,400,,,,,
,olives ,400,,,,,
,hazelnut yogurt ,150,,,,,
,benecol ,300,,,,,
,Plum tomatoes ,250,,,,,
,plums,650,,,,,
,yakult ,250,,,,,
,kiwi,300,,,,,
,actimel ,1000,,,,,
,chicken and veg broth ,550,,,,,
,lamb moussaka,700,,,,,
,tart,2100,,,,,
,coleslaw ,2500,,,,,
,cod bites in bread crumbs ,240,,,,,
,chocolate sponge ,700,,,,,
,gluten free fusilli ,500,,,,,
,coriander seeds,100,,,,,
,cooking oil ,2000,,,,,
,bi carb soda,25,,,,,
,,69460,,,,,
06-Feb,,,,,,,
,oranges,9700,,,,,
,bananas,17200,,,,,
,chicken,4200,,,,,
,potatoes,144360,GT Produce ,,,,
,oranges,112000,GT Produce ,,,,
,limes,58500,GT Produce ,,,,
,pomefritters,6000,GT Produce ,,,,
,skimmed mill,400,GT Produce ,,,,
,semi skimmed milk ,8500,GT Produce ,,,,
,hovis,12800,GT Produce ,,,,
,limes,20400,GT Produce ,,,,
,baguettes,7050,,,,,
,bread,4050,,,,,
,Chicken ,60,,,,,
,bread,240,,,,,
,pork meats ,70,,,,,
,pate meat ,90,,,,,
,soft cheese,250,,,,,
,tomatoes,250,,,,,
,salad leaves,10,,,,,
,tortilla wraps,512,,,,,
,cheese,150,,,,,
,turkey breast,150,,,,,
,breadsticks,100,,,,,
,cooking oil ,300,,,,,
,lentil dahl,63600,Suma,,,,
,hoots crisps,7280,Suma,,,,
,white chocolate coffe thins,3060,Suma,,,,
,ginger shortbread,27000,Suma,,,,
,organic sweetcorn rings ,2560,Suma,,,,
,sour cream and onion crisps ,1440,Suma,,,,
,banana and choc pop rice ,4320,Suma,,,,
,sweet chilli crisps ,2880,Suma,,,,
,cherry yogurt ,672,Suma,,,,
,dark choc lemon and lime ,3000,Suma,,,,
,pepper salsa ,5850,Suma,,,,
,organic hard cheese ,8000,Suma,,,,
,root veg barley soup ,7200,Suma,,,,
,tyrells mixed veg crisps ,12480,Suma,,,,
,tyrells cheese and chive ,4800,Suma,,,,
,banana bites ,5760,Suma,,,,
,wild rice ,250,,,,,
,orange juice ,1000,,,,,
,pasta,500,,,,,
,Chicken ,25200,Nandos ,,,,
,,594194,,,,,
07-Feb,,,,,,,
,garlic,724,,,,,
,bread buns,17600,,,,,
,black tea,30,,,,,
,,18354,,,,,
09-Feb,,,,1099592,,,
,microwave popcorn,270,,,,,
,parmesan and basil biscuits ,100,,,,,
,crisp bread ,250,,,,,
,sage and onion stuffing ,125,,,,,
,tomato chutney ,210,,,,,
,blackberry jam ,200,,,,,
,mushy peas ,900,,,,,
,colemans season and shake ,72,,,,,
,cheese sauce ,40,,,,,
,special k porridge ,125,,,,,
,veg soup ,800,,,,,
,apple and blackberry porridge ,80,,,,,
,self raising flour ,1500,,,,,
,plain flour ,1500,,,,,
,chocolates ,70,,,,,
,chicken ,9000,Nandos ,,,,
,tagliatelly pasta ,500,,,,,
,tart ,230,,,,,
,veg soup ,708,,,,,
,beetroot soup ,432,,,,,
,chopped tomatoes ,1600,,,,,
,Plum tomatoes ,1600,,,,,
,eggs ,40950,,,,,
,,61262,,,,,
10-Feb,,,,,,,
,bread ,27600,St barts ,,,,
,tomato and basil pasta sauce ,350,South Leeds Foodbank ,,,,
,sardines ,125,South Leeds Foodbank ,,,,
,tuna ,185,South Leeds Foodbank ,,,,
,chickpeas,1200,South Leeds Foodbank ,,,,
,oxtail soup ,400,South Leeds Foodbank ,,,,
,carrot and coriander soup ,400,South Leeds Foodbank ,,,,
,baked beans,220,South Leeds Foodbank ,,,,
,mixed beans ,300,South Leeds Foodbank ,,,,
,spaguetti heinz,800,South Leeds Foodbank ,,,,
,cup a soup ,70,South Leeds Foodbank ,,,,
,cookies ,150,South Leeds Foodbank ,,,,
,tomato and basil soup,590,South Leeds Foodbank ,,,,
,Chilli beef soup,400,South Leeds Foodbank ,,,,
,baked beans,390,South Leeds Foodbank ,,,,
,cream of tomato soup ,295,South Leeds Foodbank ,,,,
,new potatoes,540,South Leeds Foodbank ,,,,
,pineapple compote ,390,South Leeds Foodbank ,,,,
,minced beef and onion ,400,South Leeds Foodbank ,,,,
,chicken and mushroom soup ,400,South Leeds Foodbank ,,,,
,mushy peas ,600,South Leeds Foodbank ,,,,
,chicken noodle soup ,590,South Leeds Foodbank ,,,,
,sweet and sour sauce,440,South Leeds Foodbank ,,,,
,cream of chicken soup ,800,South Leeds Foodbank ,,,,
,tomato soup ,400,South Leeds Foodbank ,,,,
,caramel sauce ,260,South Leeds Foodbank ,,,,
,chopped tomatoes ,400,South Leeds Foodbank ,,,,
,oats so simple ,385,South Leeds Foodbank ,,,,
,hot and sour cup soup ,80,South Leeds Foodbank ,,,,
,fajita cooking sauce ,430,South Leeds Foodbank ,,,,
,schwartz mix ,35,South Leeds Foodbank ,,,,
,cake mix,461,South Leeds Foodbank ,,,,
,jello ,128,South Leeds Foodbank ,,,,
,miso soup ,75,South Leeds Foodbank ,,,,
,carrot and coriander soup ,415,South Leeds Foodbank ,,,,
,tikka masala sauce ,420,South Leeds Foodbank ,,,,
,mackerel ,1275,South Leeds Foodbank ,,,,
,golden breadcrumbs ,175,South Leeds Foodbank ,,,,
,olive oil ,250,South Leeds Foodbank ,,,,
,prunes in juice ,410,South Leeds Foodbank ,,,,
,peach slices ,420,South Leeds Foodbank ,,,,
,spag hoops ,205,South Leeds Foodbank ,,,,
,coronation tuna,240,South Leeds Foodbank ,,,,
,olives ,907,South Leeds Foodbank ,,,,
,pickled onions ,454,South Leeds Foodbank ,,,,
,humbags ,250,South Leeds Foodbank ,,,,
,twirls ,125,South Leeds Foodbank ,,,,
,bacon rashers snack ,150,South Leeds Foodbank ,,,,
,cheetos ,125,South Leeds Foodbank ,,,,
,digestive ,500,South Leeds Foodbank ,,,,
,veg soup ,400,South Leeds Foodbank ,,,,
,mincemeat ,411,South Leeds Foodbank ,,,,
,tuna chunks ,80,South Leeds Foodbank ,,,,
,mushroom soup ,400,South Leeds Foodbank ,,,,
,baked beans,415,South Leeds Foodbank ,,,,
,rice pudding ,425,South Leeds Foodbank ,,,,
,baked beans,830,South Leeds Foodbank ,,,,
,spaguetti ,800,South Leeds Foodbank ,,,,
,tomato and chilli sauce ,335,South Leeds Foodbank ,,,,
,ground coffee ,125,South Leeds Foodbank ,,,,
,bourbon creams,400,South Leeds Foodbank ,,,,
,lemon meringue ,260,South Leeds Foodbank ,,,,
,chocolate ,380,South Leeds Foodbank ,,,,
,ryvita ,200,South Leeds Foodbank ,,,,
,country veg soup ,400,South Leeds Foodbank ,,,,
,mushroom soup ,290,South Leeds Foodbank ,,,,
,salmon in brine ,200,South Leeds Foodbank ,,,,
,prunes in juice ,410,South Leeds Foodbank ,,,,
,lemon curd ,227,South Leeds Foodbank ,,,,
,pineapple slices ,227,South Leeds Foodbank ,,,,
,custard ,98,South Leeds Foodbank ,,,,
,pearl barley ,500,South Leeds Foodbank ,,,,
,steak and kidney pie ,425,South Leeds Foodbank ,,,,
,shepperds pie mix ,50,South Leeds Foodbank ,,,,
,crisps ,50,South Leeds Foodbank ,,,,
,rice ,1000,South Leeds Foodbank ,,,,
,dry macaroni ,500,South Leeds Foodbank ,,,,
,peas ,300,South Leeds Foodbank ,,,,
,mellows birds,100,South Leeds Foodbank ,,,,
,egg noodles ,375,South Leeds Foodbank ,,,,
,medium noodles,600,South Leeds Foodbank ,,,,
,dry spaguetti ,500,South Leeds Foodbank ,,,,
,oat so simple ,57,South Leeds Foodbank ,,,,
,sweetcorn ,326,South Leeds Foodbank ,,,,
,red kidney beans ,400,South Leeds Foodbank ,,,,
,whole carrots ,300,South Leeds Foodbank ,,,,
,chicken gravy ,200,South Leeds Foodbank ,,,,
,chopped tomatoes ,400,South Leeds Foodbank ,,,,
,basmati rice ,500,South Leeds Foodbank ,,,,
,oats so simple ,385,South Leeds Foodbank ,,,,
,Plum tomatoes ,1200,South Leeds Foodbank ,,,,
,conchigliette ,250,South Leeds Foodbank ,,,,
,baby cauli cheese ,125,South Leeds Foodbank ,,,,
,tuna ,740,South Leeds Foodbank ,,,,
,tomato soup ,860,South Leeds Foodbank ,,,,
,mixed veg ,300,South Leeds Foodbank ,,,,
,tinned potatoes ,300,South Leeds Foodbank ,,,,
,black cherries ,460,South Leeds Foodbank ,,,,
,raspberry nibbles ,45,South Leeds Foodbank ,,,,
,custard ,225,South Leeds Foodbank ,,,,
,carrot cake ,200,South Leeds Foodbank ,,,,
,fruit log ,300,South Leeds Foodbank ,,,,
,fruit cake ,200,South Leeds Foodbank ,,,,
,pearl barley ,500,South Leeds Foodbank ,,,,
,sprout,500,South Leeds Foodbank ,,,,
,oats so simple ,642,South Leeds Foodbank ,,,,
,soreen ,270,South Leeds Foodbank ,,,,
,chocolate pudding ,190,South Leeds Foodbank ,,,,
,sliced carrots ,300,South Leeds Foodbank ,,,,
,kashmiri masala ,270,South Leeds Foodbank ,,,,
,broth mix ,500,South Leeds Foodbank ,,,,
,tea bags ,290,South Leeds Foodbank ,,,,
,instand noodles ,108,South Leeds Foodbank ,,,,
,stir fry sauce ,120,South Leeds Foodbank ,,,,
,crisps ,50,South Leeds Foodbank ,,,,
,chopped tomatoes ,400,South Leeds Foodbank ,,,,
,noodles ,70,South Leeds Foodbank ,,,,
,baby cauli cheese ,125,South Leeds Foodbank ,,,,
,sunflower seeds ,150,South Leeds Foodbank ,,,,
,bacon noodles ,100,South Leeds Foodbank ,,,,
,chicken noodles ,100,South Leeds Foodbank ,,,,
,broth mix ,500,South Leeds Foodbank ,,,,
,chicken and sweetcorn rice ,120,South Leeds Foodbank ,,,,
,angel delight ,59,South Leeds Foodbank ,,,,
,green beans ,400,South Leeds Foodbank ,,,,
,chickpeas ,400,South Leeds Foodbank ,,,,
,mug shot ,54,South Leeds Foodbank ,,,,
,ravioli ,400,South Leeds Foodbank ,,,,
,sliced carrots ,300,South Leeds Foodbank ,,,,
,red hot pepper sauce ,300,South Leeds Foodbank ,,,,
,rhubarb and ginger preserve ,340,South Leeds Foodbank ,,,,
,basmati rice ,5000,South Leeds Foodbank ,,,,
,crisps ,225,South Leeds Foodbank ,,,,
,jersey new potatoes ,300,South Leeds Foodbank ,,,,
,chicken noodles ,85,South Leeds Foodbank ,,,,
,lemon curd ,340,South Leeds Foodbank ,,,,
,chicken oxos ,71,South Leeds Foodbank ,,,,
,brown rice ,1000,South Leeds Foodbank ,,,,
,japanese noodles ,800,South Leeds Foodbank ,,,,
,egg noodles ,750,South Leeds Foodbank ,,,,
,noodles ,75,South Leeds Foodbank ,,,,
,bbq beef noodles ,100,South Leeds Foodbank ,,,,
,coco pops ,300,South Leeds Foodbank ,,,,
,strawberry and vanilla log ,400,South Leeds Foodbank ,,,,
,,83100,,,,,
11-Feb,,,,,,,
,milk,2000,,,,,
,ryvita ,56250,,,,,
,prawn crackers ,70,,,,,
,choc flying sauces ,2400,,,,,
,wholegrain ryvita ,153000,,,,,
,black pepper ryvita ,6400,,,,,
,orange powerade,18000,,,,,
,pitta bread ,28620,,,,,
,plain flour ,145000,,,,,
,pineapple and coconut juice ,36000,,,,,
,lemon tea ,1800,,,,,
,lucozade ,24000,,,,,
,spaguetti rings ,56880,,,,,
,Plum tomatoes ,19200,,,,,
,pot noodles ,5040,,,,,
,pomegranate and apple juice ,10000,,,,,
,peach and apple ,1000,,,,,
,orange juice ,11000,,,,,
,parsnips ,4300,,,,,
,banana cake ,450,,,,,
,hoisin sauce ,270,,,,,
,bread ,2350,,,,,
,sweet marinated herring ,2000,,,,,
,rich tea biscuits ,250,,,,,
,apricot halves ,420,,,,,
,pineapple slices ,432,,,,,
,soft noodles ,300,,,,,
,melba toast ,100,,,,,
,ginger ale ,1000,,,,,
,grapefruit segments ,539,,,,,
,mini weetabix ,450,,,,,
,hollandaise sauce ,28,,,,,
,casserole mix ,80,,,,,
,cornflour ,250,,,,,
,instant noodles ,80,,,,,
,gravy sauce ,30,,,,,
,white sauce mix ,25,,,,,
,con carne mix ,40,,,,,
,minestrone soup ,1245,,,,,
,tomato soup ,800,,,,,
,leek soup ,830,,,,,
,grapefruit segments ,411,,,,,
,sliced mushrooms ,580,,,,,
,mushroom soup ,1200,,,,,
,carrot and coriander soup ,400,,,,,
,peach slices ,420,,,,,
,french onion soup ,800,,,,,
,fruit cocktail ,415,,,,,
,chickpeas ,410,,,,,
,cream of chicken soup ,295,,,,,
,sweetcorn ,195,,,,,
,semolina ,400,,,,,
,grapefruit segments ,411,,,,,
,cream of tomato soup ,295,,,,,
,spag loops ,395,,,,,
,country garden soup ,415,,,,,
,custard ,400,,,,,
,lychees in syrup ,425,,,,,
,pineapple pieces ,565,,,,,
,chicken soup ,400,,,,,
,baked beans,415,,,,,
,,602176,,,,,
12-Feb,,,,,,,
,oranges ,280000,GT Produce ,,,,
,limes ,15000,GT Produce ,,,,
,knoor cubes ,150,,,,,
,sausage ,300,,,,,
,condensed milk ,600,,,,,
,fruit in syrup ,165000,,,,,
,sweets ,150,,,,,
,yam paste ,225,,,,,
,cereal bars ,160,,,,,
,crackers ,500,,,,,
,cocoa ,200,,,,,
,crackers ,70,,,,,
,sauces,800,,,,,
,maple syrup ,250,,,,,
,truffle butter ,80,,,,,
,soup ,400,,,,,
,panettone ,100,,,,,
,pesto ,150,,,,,
,noodles ,100,,,,,
,special k cereal bars ,115,,,,,
,tea bags ,200,,,,,
,macaroni ,425,,,,,
,pineapple slices ,227,,,,,
,bourbon creams ,400,,,,,
,instant noodles ,80,,,,,
,hollandaise sauce ,28,,,,,
,four cheese mix ,35,,,,,
,lamb gravy ,30,,,,,
,parsley sauce mix ,21,,,,,
,lemon mint and parsley cous cous ,100,,,,,
,mild instant curry ,150,,,,,
,quaker oats ,200,,,,,
,cup a soup ,100,,,,,
,shortbread cookies ,150,,,,,
,granola ,300,,,,,
,mixed fruit chutney ,750,,,,,
,chilli jam ,220,,,,,
,grapefruit segments ,290,,,,,
,spaguetti tin ,400,,,,,
,macaroni cheese ,400,,,,,
,lime pickle ,400,,,,,
,walnut oil ,150,,,,,
,chilli 'oil ,200,,,,,
,baby food ,150,,,,,
,lasagna ,300,,,,,
,dried mushrooms ,100,,,,,
,hazelnuts ,250,,,,,
,veg suet ,100,,,,,
,biscuits ,300,,,,,
,cheesecake ,300,,,,,
,soy sauce ,1300,,,,,
,soy sauce ,600,,,,,
,pasta ,500,,,,,
,spelt flour ,1000,,,,,
,rye bread ,500,,,,,
,malt flour ,300,,,,,
,flour ,4100,,,,,
,pearl barley ,500,,,,,
,chai latte ,200,,,,,
,noodles ,400,,,,,
,gnocchi ,400,,,,,
,pasta ,200,,,,,
,rice ,250,,,,,
,dried seaweed ,50,,,,,
,salt ,150,,,,,
,semolina ,250,,,,,
,veg burger ,125,,,,,
,dried shrimp ,100,,,,,
,bran bars ,50,,,,,
,pepper,25,,,,,
,beans ,100,,,,,
,biscuits ,700,,,,,
,drinks ,22100,,,,,
,biscuits ,3000,,,,,
,orange nectar ,48000,,,,,
,chopped tomatoes ,800,,,,,
,crackers ,29600,,,,,
,choc biscuits ,12900,,,,,
,spaguetti hoops ,4500,,,,,
,powerade drink ,30000,,,,,
,pot noodles ,180,,,,,
,juice ,70000,,,,,
,instant tea ,750,,,,,
,flour ,27500,,,,,
,chicken ,5350,Nandos ,,,,
,,737586,,,,,
13-Feb,,,,,,,
,chickpeas,2400,,,,,
,onions,850,,,,,
,ovaltine,400,,,,,
,olive oil ,2000,,,,,
,Plum tomatoes ,3200,,,,,
,wheat free wraps,300,,,,,
,,9150,,,,,
16-Feb,,,,,,,
,earl grey,500,,,,,
,tetley tea bags,125,,,,,
,instant lemon tea,375,,,,,
,nescafe,200,,,,,
,nescafe black gold,200,,,,,
,nescafe gold blend,150,,,,,
,rich italian coffee,200,,,,,
,earl grey,500,,,,,
,salt ,2500,,,,,
,typhoo decaf,250,,,,,
,cappachino,180,,,,,
,coconut tea,125,,,,,
,lady grey,125,,,,,
,basmati rice ,9000,,,,,
,long grain rice,2000,,,,,
,rice ,3000,,,,,
,uncle bens rice,250,,,,,
,orange mango & cinnamon tea,40,,,,,
,peppermint tea,40,,,,,
,digestive ,300,,,,,
,nescafe,300,,,,,
,apricots,570,,,,,
,instant noodles ,100,,,,,
,oats so simple ,324,,,,,
,fruit and nut,120,,,,,
,cherry chocolate,100,,,,,
,ginger chocolate,100,,,,,
,snickers,174,,,,,
,red salmon,340,,,,,
,mixed beans ,420,,,,,
,heinz beans,415,,,,,
,sweet pickle,295,,,,,
,coffee,100,,,,,
,white vinegar,1704,,,,,
,ground cinammon,66,,,,,
,ground ginger,34,,,,,
,plum sauce,320,,,,,
,red kidney beans ,840,,,,,
,marmite,250,,,,,
,turkey gravy,170,,,,,
,strawberry jam,340,,,,,
,marmalade,794,,,,,
,soft prunes,220,,,,,
,creamed coconut,200,,,,,
,apricots,250,,,,,
,chicken gravy ,170,,,,,
,cocoa ,250,,,,,
,honey,908,,,,,
,ground chilli & garlic,62,,,,,
,red salmon,180,,,,,
,butter fudge,150,,,,,
,ground turmeric,45,,,,,
,polos,455,,,,,
,lemongrass,11,,,,,
,dried mixed fruit,1000,,,,,
,raisin & sultana,880,,,,,
,raisins,200,,,,,
,black pepper ,221,,,,,
,white pepper,0,,,,,
,salmon ,3486,,,,,
,cooking salt,1500,,,,,
,peach slices ,830,,,,,
,dark soy sauce,525,,,,,
,star anise,30,,,,,
,hot chilli relish,380,,,,,
,fruit cocktail ,420,,,,,
,pineapple pieces ,454,,,,,
,ground ginger,69,,,,,
,gravy granules,770,,,,,
,chicken gravy ,300,,,,,
,coffee,276,,,,,
,gravy,170,,,,,
,cocoa ,250,,,,,
,gherkins,260,,,,,
,glacier cherries,1000,,,,,
,mixed peel,600,,,,,
,drinking chocolate,220,,,,,
,extract of almond,46,,,,,
,scarlett food colour,28,,,,,
,vanilla extract,38,,,,,
,baking powder,170,,,,,
,cumin seeds,38,,,,,
,christmas marmalade,340,,,,,
,ground cinammon,33,,,,,
,extract of almond,28,,,,,
,cinnamon,39,,,,,
,cranberry sauce,200,,,,,
,mint sauce,250,,,,,
,bucks fizz maramalade,227,,,,,
,chocolate sprinkles,10,,,,,
,pinapple pieces ,227,,,,,
,red salmon,180,,,,,
,choc fingers,125,,,,,
,knoor cubes ,1085,,,,,
,ground cinamon ,66,,,,,
,almond extract,66,,,,,
,cream coconut,600,,,,,
,mango and chilli sweet sauce,230,,,,,
,chilli sauce,920,,,,,
,sweet chilli dip,142,,,,,
,sweet chilli and garlic,295,,,,,
,ground black pepper,400,,,,,
,madras spices,90,,,,,
,ground white pepper,100,,,,,
,star anise,30,,,,,
,egg noodles ,1500,,,,,
,hot curry powder,85,,,,,
,baking powder,170,,,,,
,salt and pepper,195,,,,,
,mild curry powder,85,,,,,
,mardras spice blend,90,,,,,
,mixed spice,34,,,,,
,spice chilli chocolate,100,,,,,
,corn flower ,250,,,,,
,self raising flower,500,,,,,
,dairy milk bubbly chocolate,90,,,,,
,soy sauce ,450,,,,,
,almond extract,94,,,,,
,vanilla extract,38,,,,,
,chicken stock,80,,,,,
,sweet chilli dip,190,,,,,
,rock salt,87,,,,,
,cinnamon,35,,,,,
,mars bar,58,,,,,
,polos,35,,,,,
,tic tacs,16,,,,,
,black pepper,24,,,,,
,red kidney beans ,2520,,,,,
,baked beans,1250,,,,,
,chopped tomatoes ,1600,,,,,
,new potatos,570,,,,,
,mixed beans ,1210,,,,,
,red salmon,573,,,,,
,sweetcorn ,340,,,,,
,gerkins,660,,,,,
,mixed fruit teas ,516,,,,,
,tea bags ,489,,,,,
,tetley tea bags,200,,,,,
,earl grey,183,,,,,
,raspberry strawberry and longberry tea,40,,,,,
,raspberry gin sang,20,,,,,
,lemon tea ,107,,,,,
,hassam tea bags,276,,,,,
,sachet of coffee,91,,,,,
,coffee,319,,,,,
,strawberry jam,340,,,,,
,fruit tea leaves,50,,,,,
,self raising flour,6000,,,,,
,plain flour ,1500,,,,,
,red mix,495,,,,,
,choc sprinkles,105,,,,,
,coke,3000,,,,,
,tomato and red pepper relsih ,415,,,,,
,sea salt,500,,,,,
,soy sauce ,375,,,,,
,oats so simple ,360,,,,,
,,78991,,,,,
17-Feb,,,,,,,
,dried mangos,500,NLFB,,,,
,tarka dahl soup,800,NLFB,,,,
,black cherries ,425,NLFB,,,,
,mini pears,380,NLFB,,,,
,basmati rice ,1000,NLFB,,,,
,green tea,100,NLFB,,,,
,pasta pot,80,NLFB,,,,
,Plum tomatoes ,8000,NLFB,,,,
,sesame seeds,125,NLFB,,,,
,canderel ,75,NLFB,,,,
,cola,2000,NLFB,,,,
,luxurey mince meat,411,NLFB,,,,
,spaghetti,820,NLFB,,,,
,growing up milk,1200,NLFB,,,,
,pohma medium,150,NLFB,,,,
,chilli and garlic sauce,300,NLFB,,,,
,chicken soup ,400,NLFB,,,,
,veggie spag bol,415,NLFB,,,,
,aubergine caponata,425,NLFB,,,,
,sardines,240,NLFB,,,,
,blueberry conserve,340,NLFB,,,,
,butter beans,410,NLFB,,,,
,veg soup ,400,NLFB,,,,
,rice pudding ,1275,NLFB,,,,
,coconut and lime rice,250,NLFB,,,,
,oyster and spring onion sauce,120,NLFB,,,,
,irish stew,392,NLFB,,,,
,mandarin oranges,740,NLFB,,,,
,peach slices ,400,NLFB,,,,
,biryani hot and spicey ,350,NLFB,,,,
,beef bolognese,400,NLFB,,,,
,fusilli,500,NLFB,,,,
,steamed pudding golden syrup,200,NLFB,,,,
,chilli con carne,392,NLFB,,,,
,peeled plum tomatoes,400,NLFB,,,,
,devon custard,425,NLFB,,,,
,spaghetti,820,NLFB,,,,
,peach halves,410,NLFB,,,,
,black eyed beans,400,NLFB,,,,
,pinapple pieces ,432,NLFB,,,,
,mushy peas ,300,NLFB,,,,
,chicken in white sauce,400,NLFB,,,,
,tomato soup ,300,NLFB,,,,
,sliced mushrooms ,290,NLFB,,,,
,button mushrooms,290,NLFB,,,,
,onion chutney,300,NLFB,,,,
,morrocan spiced cous cous,200,NLFB,,,,
,veg oxo,71,NLFB,,,,
,veg soup ,400,NLFB,,,,
,stewed steak ,390,NLFB,,,,
,chicken soup ,1200,NLFB,,,,
,creamy tomato pasta sauce,340,NLFB,,,,
,almon butter,170,NLFB,,,,
,horseradish sauce,330,NLFB,,,,
,butter toffee,550,NLFB,,,,
,blackcurrant juice,1000,NLFB,,,,
,malt vinegar,568,NLFB,,,,
,sweetcorn ,195,NLFB,,,,
,blackcurrant juice,200,NLFB,,,,
,green tea,50,NLFB,,,,
,tomato and basil pasta sauce ,150,NLFB,,,,
,chedder cheese sauce,40,NLFB,,,,
,blackcurrent jelly,135,NLFB,,,,
,cheese brocilli sauce,120,NLFB,,,,
,sardines,240,NLFB,,,,
,soy sauce ,150,NLFB,,,,
,mushroom pasta,110,NLFB,,,,
,vanilla pods,20,NLFB,,,,
,cinamon coffee,340,NLFB,,,,
,fruit slices,211,NLFB,,,,
,jaffa cakes,288,NLFB,,,,
,desicated coconut,87,NLFB,,,,
,canderel ,34,NLFB,,,,
,red lentils,1800,NLFB,,,,
,carbonated mineral water,14500,SLFB,,,,
,san pallegrino ,14000,SLFB,,,,
,tonic water,1000,SLFB,,,,
,chilli beans,800,SLFB,,,,
,chopped tomatoes ,1200,SLFB,,,,
,latte sachets,176,SLFB,,,,
,indian tonic water,1000,SLFB,,,,
,soda water,1000,SLFB,,,,
,baked beans,3600,SLFB,,,,
,potato and leed soup ,400,SLFB,,,,
,carrot and coriander soup ,400,SLFB,,,,
,enchelado cooking sauce,395,SLFB,,,,
,peach slices ,415,SLFB,,,,
,onions ,1445,katheryn,,,,
,chai tea bags,125,SLFB,,,,
,breadcrums,175,SLFB,,,,
,instant porridge,120,SLFB,,,,
,pasta bake,970,SLFB,,,,
,blackcurrents,290,SLFB,,,,
,ground coffee ,125,SLFB,,,,
,great fruit segments,538,SLFB,,,,
,lasagne sheets,500,SLFB,,,,
,natural sweetner,250,SLFB,,,,
,cream of mushroom,400,SLFB,,,,
,red lasagne paste,350,SLFB,,,,
,banana shake,200,SLFB,,,,
,sliced peaches,410,SLFB,,,,
,horseradish sauce,250,SLFB,,,,
,space raiders,13,SLFB,,,,
,chicken curry mix,33,SLFB,,,,
,quality street,20,SLFB,,,,
,chocolte chip cookies,250,SLFB,,,,
,breakfast bake,45,SLFB,,,,
,orange segments,114,SLFB,,,,
,,83680,,,,,
18-Feb,,,,,,,
,cherry tomatos,138750,GT Produce ,,,,
,beef tomatos,20250,GT Produce ,,,,
,bread,13650,toast loves coffee,,,,
,almond milk,1000,toast loves coffee,,,,
,ricottia,250,toast loves coffee,,,,
,chocolate cake,250,toast loves coffee,,,,
,lions tea cakes,1500,toast loves coffee,,,,
,white bread,850,toast loves coffee,,,,
,asorted cookies,400,toast loves coffee,,,,
,farm house cake,850,toast loves coffee,,,,
,iced minced pies,750,toast loves coffee,,,,
,bakewell tarts,1500,toast loves coffee,,,,
,farmhouse cake,300,toast loves coffee,,,,
,milk,8000,moli,,,,
,crisps,185,rommi,,,,
,,188485,,,,,
19-Feb,,,,,,,
,brownies,500,Finn,,,,
,plums,157500,GT Produce ,,,,
,gala melons,43000,GT Produce ,,,,
,prepared carrots,19700,GT Produce ,,,,
,prepared potatos,150000,GT Produce ,,,,
,cola,1500,GT Produce ,,,,
,dovos farm GF pasta,1000,GT Produce ,,,,
,vegitable cooking oil 'crisp and dry',2000,GT Produce ,,,,
,chopped tomatoes ,1600,GT Produce ,,,,
,pure walnut oil,250,private ,,,,
,chicken soup ,400,private ,,,,
,dijon mustard,360,private ,,,,
,sliced lemons,350,private ,,,,
,mild chilli powder,60,private ,,,,
,colemans mustard,113,private ,,,,
,tabasco pepper sauce,107,private ,,,,
,yeast extract,125,private ,,,,
,sweetcorn ,340,private ,,,,
,strong white bread flower,465,private ,,,,
,bicarbonate of soda,200,private ,,,,
,ground corriander,24,private ,,,,
,cround cinamon,33,private ,,,,
,ground cumin,22,private ,,,,
,vingarette,255,private ,,,,
,whole grain mustard,185,private ,,,,
,horseradish sauce,185,private ,,,,
,dryed active yeast,125,private ,,,,
,custard powder,300,private ,,,,
,french glace cherries,200,private ,,,,
,lasagne sheets,250,private ,,,,
,cous cous,341,private ,,,,
,quinoa,531,private ,,,,
,lentils,205,private ,,,,
,baking powder,170,private ,,,,
,english mustard,185,private ,,,,
,veg suet ,174,private ,,,,
,egg noodles ,250,private ,,,,
,apricot chutney,100,private ,,,,
,dryed roasted peanuts,88,private ,,,,
,date and ginger chutney,400,private ,,,,
,ground almonds,90,private ,,,,
,white wine vinegar,500,private ,,,,
,medium oatmeal,483,private ,,,,
,egg noodles ,100,private ,,,,
,cornflour ,144,private ,,,,
,peanuts,90,private ,,,,
,hazelnuts ,100,private ,,,,
,pine nuts,57,private ,,,,
,assorted jams,365,private ,,,,
,balsamic vinegar,453,private ,,,,
,,385975,,,,,
20-Feb,,,,,,,
,milk,10000,suma,,,,
,wasabi humus,2040,suma,,,,
,carrot humus,2040,suma,,,,
,mango yoghurt,1500,suma,,,,
,goats milk ,24000,suma,,,,
,passion fruit yoghurt,250,suma,,,,
,blueberry yoghurt,2700,suma,,,,
,vegi parmasan organic,1600,suma,,,,
,red onion,41300,suma,,,,
,celariac,21700,suma,,,,
,butternut squash,850,suma,,,,
,Plum tomatoes ,400,suma,,,,
,hot pepper sauce,110,suma,,,,
,celery ,400,suma,,,,
,margarine,900,suma,,,,
,gouda,150,suma,,,,
,fusili,23200,co-op?,,,,
,assorted sweets,800,suma,,,,
,chocolate biscuits,450,NLFB,,,,
,biscuits ,300,NLFB,,,,
,shortbread ,200,NLFB,,,,
,polo mints,150,NLFB,,,,
,mini chedars,15,NLFB,,,,
,nescaffe sachets,40,NLFB,,,,
,bervita,60,NLFB,,,,
,mini roll,10,NLFB,,,,
,oats so simple ,30,NLFB,,,,
,,135195,,,,,
21-Feb,,,,,,,
,apples,300,LKM,,,,
,aubergines,450,LKM,,,,
,bananas,32300,LKM,,,,
,brocili,7300,LKM,,,,
,cabbage,11900,LKM,,,,
,crips and cake (assorted),25000,LKM,,,,
,melon,6100,LKM,,,,
,parsnips ,4500,LKM,,,,
,peppers,44550,LKM,,,,
,plantain,2350,LKM,,,,
,pomegranates,600,LKM,,,,
,potatoes,900,LKM,,,,
,satsumas,950,LKM,,,,
,tomatoes,8700,LKM,,,,
,,145900,,,,,
23-Feb,,,,,,,
,baked beans,1230,,,,,
,chopped tomatoes ,800,,,,,
,red kidney beans ,400,,,,,
,beans and sausage,405,,,,,
,chicken soup ,400,,,,,
,rice pudding ,400,,,,,
,cereal bars ,222,,,,,
,fusili,3000,,,,,
,pork loin stakes,1500,,,,,
,roast chicken breast,1000,,,,,
,turkey breast steaks,1157,,,,,
,onions ,148250,katheryn,,,,
, red onions,23400,,,,,
,chestnuts,4800,,,,,
,milk,9088,,,,,
,sugar,4000,,,,,
,,200052,,,,,
24-Feb,,,,,,,
,scones,2550,Taste,,,,
,bread,23000,Taste,,,,
,nut free vegan carrot cake,1050,Taste,,,,
,quiche ,1250,Taste,,,,
,cakes,1650,Taste,,,,
,thick veg soup,2040,SLFB,,,,
,carbonted natural mineral water,22000,,,,,
,branston small chunk,2550,,,,,
,spaghetti,4000,,,,,
,crispy fruit slices,218,,,,,
,golden syrup,7260,,,,,
,sparkling mineral water,11500,,,,,
,hotdogs,3000,,,,,
,tuna chunks,80,,,,,
,chickpeas,400,,,,,
,peach slices ,410,,,,,
,heinz beans,200,,,,,
,pot noodles ,90,,,,,
,pudding rice,500,,,,,
,custard  ,400,,,,,
,mandarins,312,,,,,
,heinz beans,10480,,,,,
,cooking oil,18900,,,,,
,,113840,,,,,
25-Feb,,,,,,,
,spaghetti tinned,400,,,,,
,hotdogs,400,,,,,
,chicken tikka masarla,800,,,,,
,chicken noodle soup ,400,,,,,
,spag bol tinned,410,,,,,
,chicken soup ,400,,,,,
,chicken noodles ,77,,,,,
,baked beans,420,,,,,
,chicken broth,400,,,,,
,pepperoni pizza,650,,,,,
,sweet pastries,1350,,,,,
,bread,5450,,,,,
,icing sugar,500,NLFB,,,,
,mug shot soup,136,,,,,
,lasagne sheets,375,,,,,
,cup a soup,66,,,,,
,fusili pasta,1500,,,,,
,cheese twists,125,,,,,
,cocoa pasta,250,,,,,
,pasta 'n' sauce,115,,,,,
,lime jelly,135,,,,,
,conchiglie,500,,,,,
,chick peas,400,,,,,
,muligatawny soup,400,,,,,
,grapefruit segments ,738,,,,,
,chicken soup ,1495,,,,,
,chopped tomatoes ,627,,,,,
,apple slices,385,,,,,
,potatoes tinned,540,,,,,
,tuna chunks,185,,,,,
,tomato & 3 bean soup,400,,,,,
,spaghetti,400,,,,,
,big soup,400,,,,,
,semi skimmed milk,410,,,,,
,chicken & mushroom pie,425,,,,,
,tomato soup ,400,,,,,
,baked beans,400,,,,,
,lobster bisque,415,,,,,
,sliced peaches,410,,,,,
,refried beans,435,,,,,
,tomato soup ,295,,,,,
,tuna chunks,185,,,,,
,Plum tomatoes ,230,,,,,
,mackerel fillets,125,,,,,
,sardines,235,,,,,
,Plum tomatoes ,1200,,,,,
,mint sauce,175,,,,,
,veg soup ,1200,,,,,
,mushy peas ,710,,,,,
,new potatos,600,,,,,
,sliced mushrooms ,290,,,,,
,paneer,450,,,,,
,sliced carrots ,300,,,,,
,mandarin segments,298,,,,,
,baba ganoush,360,,,,,
,hearts of palm,400,,,,,
,mayonnaise,600,,,,,
,lentil soup,1200,,,,,
,potato & leek,2000,,,,,
,pea & ham,800,,,,,
,lentil & bacon,400,,,,,
,hearty veg broth,295,,,,,
,liquorice Egyptian tea,30,,,,,
,instant custard,75,,,,,
,3 bean & red pepper soup,400,,,,,
,2 minute noodles,228,,,,,
,tomato sauce,340,,,,,
,sardines,120,,,,,
,savoury rice,240,,,,,
,mushroom soup seasoning,400,,,,,
,sweet chilli sauce,200,,,,,
,bramley apple sauce,200,,,,,
,strained foul,450,,,,,
,tomato pasta sauce,500,,,,,
,sweet & sour sauce,200,,,,,
,strawberry jam,340,,,,,
,chilli beef noodles,110,,,,,
,tomato sauce,500,,,,,
,chopped tomatoes ,230,,,,,
,corned beef,200,,,,,
,lemon curd,250,,,,,
,bulgar wheat & quinoa pot,70,,,,,
,chicken cuppa soup,50,,,,,
,"pea, apple & mint soup",300,,,,,
,chicken noodle soup ,51,,,,,
,jelly,135,,,,,
,hob nob biscuits,262,,,,,
,lurpak light spread,500,,,,,
,napolina plum toms,1200,,,,,
,,43653,,,,,
27-Feb,,,,,,,
,bread,10100,,,,,
,,10100,,,,,
28-Feb,,,,,,,
,almond fingers,1200,Leeds Kirkgate Market,,,,
,almond flavour cakes,1200,Leeds Kirkgate Market,,,,
,bananas,18850,Leeds Kirkgate Market,,,,
,cabbage,4600,Leeds Kirkgate Market,,,,
,courgettes,1000,Leeds Kirkgate Market,,,,
,crisps,15300,Leeds Kirkgate Market,,,,
,flapjacks,6000,Leeds Kirkgate Market,,,,
,jam teacakes,780,Leeds Kirkgate Market,,,,
,lettuce,1000,Leeds Kirkgate Market,,,,
,melons,2300,Leeds Kirkgate Market,,,,
,peppers,10000,Leeds Kirkgate Market,,,,
,pumpkin,6100,Leeds Kirkgate Market,,,,
,tomatoes,4950,Leeds Kirkgate Market,,,,
,watercress,3500,Leeds Kirkgate Market,,,,
,yellow tomatoes,2000,Leeds Kirkgate Market,,,,
,,78780,,,,,
02-Mar,,,,,,,
,chicken breast,800,,,,,
,potatoes,1520,,,,,
,jumbo prawns,360,,,,,
,ciabatta,270,,,,,
,diet coke,32340,,,,,
,sparkling water,1500,,,,,
,chipolatas,340,,,,,
,meatballs,610,,,,,
,chicken pie,410,,,,,
,carbonated spring water,20000,,,,,
,spring water,3000,,,,,
,sparkling french water,6000,,,,,
,covent garden soup kale,3600,,,,,
,yoghurt,500,,,,,
,greek yoghurt,200,,,,,
,parsley sauce,200,,,,,
,apples,900,,,,,
,cherry yoghurt,450,,,,,
,trifle,180,,,,,
,seeded bread,800,,,,,
,double cream,900,,,,,
,sparkling water,5000,,,,,
,natural water,7500,,,,,
,mineral water,13000,,,,,
,sparkling water,5000,,,,,
,natural water,9875,,,,,
,fruit shoot,200,,,,,
,ornage cordial,1000,,,,,
,sparkling water,11000,,,,,
,lemon & lime ,500,,,,,
,mushroom soup  ,400,,,,,
,chicken & veg soup,400,,,,,
,minestone,400,,,,,
,san pelegrino orange,2829,,,,,
,san pelegrino lime,6930,,,,,
,dr pepper,990,,,,,
,coke,1980,,,,,
,bread,400,,,,,
,diet coke,9570,,,,,
,iron bru,3300,,,,,
,lemon fresh,1650,,,,,
,red bull,500,,,,,
,tonic water,8700,,,,,
,lucozade,760,,,,,
,water,5500,,,,,
,apple & blackcurrant,3000,,,,,
,innocent smoothie,750,,,,,
,vine tomatoes,250,,,,,
,sour dough bread,500,,,,,
,chicken & chorizo soup,600,,,,,
,chorizo,570,,,,,
,sweet chilli fillets,175,,,,,
,roast turkey,116,,,,,
,bacon,55,,,,,
,chicken,26000,nandos,,,,
,ginger beer,1320,,,,,
,fruit puree,100,,,,,
,fruit shoot,600,,,,,
,coconut water,500,,,,,
,pepsi max,2970,,,,,
,cloudy lemonade,1650,,,,,
,orangina,2310,,,,,
,self raising flour,2000,,,,,
,rustic veg soup,600,,,,,
,soy ginger chicken wing,290,,,,,
,natural cottage cheese,200,,,,,
,cream egg pots,140,,,,,
,warburton sandwich,300,,,,,
,activia,1000,,,,,
,low fat fruit yoghurt,2250,,,,,
,ben & jerrys,500,,,,,
,chocolate trifle,180,,,,,
,potatoes,760,,,,,
,fajitas,1000,,,,,
,kellogs crunchy nut,1140,,,,,
,sandwich spread,1080,,,,,
,condensed milk squeezy,1020,,,,,
,butternut squash,500,,,,,
,turnip,500,,,,,
,linseed flack,100,,,,,
,vanilla icecream,1000,,,,,
,beansprouts,3000,,,,,
,,231290,,,,,
04-Mar,,,,,,,
,sugar,500,,,,,
,milk,1000,,,,,
,tomato soup ,400,,,,,
,macaroni cheese ,395,,,,,
,mug shot soup,57,,,,,
,baking powder,5,,,,,
,beef stock cubes,100,,,,,
,parsley sauce,20,,,,,
,rice pudding ,400,,,,,
,bagels/pastries,400,,,,,
,sugar puffs,600,,,,,
,shortbread biscuits,170,NLFB,,,,
,bombay mix,250,NLFB,,,,
,pearl barley flakes,500,NLFB,,,,
,rye flakes,500,NLFB,,,,
,biscuits for cheese,300,NLFB,,,,
,sweet & sour cooking sauce,500,NLFB,,,,
,after dinner mints,150,NLFB,,,,
,angel slices,200,NLFB,,,,
,sliced water chestnuts,140,NLFB,,,,
,black bean & 3 mushroom sauce,350,NLFB,,,,
,chilli con carne sauce,500,NLFB,,,,
,tikka marsala sauce,350,NLFB,,,,
,sliced water chestnuts,225,NLFB,,,,
,j2o orange & pasionfruit,750,NLFB,,,,
,coconut milk,400,NLFB,,,,
,small new potatoes,560,NLFB,,,,
,black bean cooking sauce,500,NLFB,,,,
,sweetcorn ,300,NLFB,,,,
,cock a leekie soup,830,NLFB,,,,
,lunch tongue,184,NLFB,,,,
,sugar cubes,500,NLFB,,,,
,wild canadian red salmon,105,NLFB,,,,
,benecol,402,NLFB,,,,
,meatballs,425,NLFB,,,,
,light malt vinegar,250,NLFB,,,,
,heinz beans,415,NLFB,,,,
,Plum tomatoes ,800,NLFB,,,,
,stir in tomato sauce,150,NLFB,,,,
,curried chickpeas,400,NLFB,,,,
,black eyed beans,400,NLFB,,,,
,pilchards,425,NLFB,,,,
,garden peas,185,NLFB,,,,
,chicken soup ,400,,,,,
,whole button mushrooms,300,,,,,
,petit pois,400,,,,,
,grapefruit segments ,540,,,,,
,scotch broth,400,,,,,
,carnation topping,340,,,,,
,stewed steak ,411,,,,,
,chunky chicken soup,392,,,,,
,tuna chunks,370,,,,,
,ambrosia custard,400,,,,,
,grapefruit & orange segments,822,,,,,
,custard,396,,,,,
,lychees,425,,,,,
,rice pudding ,425,,,,,
,peach slices ,415,,,,,
,crunch creams,168,,,,,
,tomato soup ,400,,,,,
,kenko coffee beans,1000,,,,,
,salted peanuts,1000,,,,,
,lasagne sheets,250,,,,,
,dark speckled lentils,500,,,,,
,shortbread biscuits,200,,,,,
,prunes,375,,,,,
,pasta,500,,,,,
,sage & onion stuffing,125,,,,,
,crackers,100,,,,,
,potato soup,156,,,,,
,oat so simple,324,,,,,
,easy cook rice,500,,,,,
,wholegrain red cherry wheats,500,,,,,
,alpen,500,,,,,
,cornflakes,500,,,,,
,doritos,150,,,,,
,season n shake,20,,,,,
,hula hoops,120,,,,,
,wagon wheels,75,,,,,
,fruit cake,500,,,,,
,oat so simple,25,,,,,
,roasted seeds & soya,35,,,,,
,choc angel delight,72,,,,,
,straberry angel delight,62,,,,,
,cherry juice,1000,,,,,
,delmont fruit cocktail,1245,,,,,
,baxters parsnip soup,380,,,,,
,indian style rice puddig,850,,,,,
,veg haggis,454,,,,,
,,34515,,,,,
05-Mar,,,,,,,
,bread,600,,,,,
,duckling,1800,,,,,
,milk,2000,,,,,
,,4400,,,,,
06-Mar,,,,,,,
,spag bol  ,1400,,,,,
,chocolate cake,600,,,,,
,eggs,70300,,,,,
,,72300,,,,,
07-Mar,,,,,,,
,apple turnovers,20000,LKM,,,,
,aubergine,1900,LKM,,,,
,banana & almond muffin,400,LKM,,,,
,bananas,10200,LKM,,,,
,broccoli,500,LKM,,,,
,cabbage,12000,LKM,,,,23275
,cake,800,LKM,,,,2300
,carrots,5000,LKM,,,,1095
,courgettes,500,LKM,,,,
,cucumbers,17000,LKM,,,,
,fruit scones,600,LKM,,,,
,lemon & almond cake,500,LKM,,,,
,mango,26000,LKM,,,,
,oranges,500,LKM,,,,
,peppers,1500,LKM,,,,
,popcorn,975,LKM,,,,
,salt & vinegar,120,LKM,,,,
,tomatoes,6800,LKM,,,,
,,105295,,,,,
10-Mar,,,,,,,
,cauliflower florets,200,,,,,
,lemon cake,200,,,,,
,courgettes,400,,,,,
,carrots,400,,,,,
,potatoes,1600,,,,,
,,2800,,,,,
11-Mar,,,,,,,
,bread,1600,waitrose,,,,
,salted butter,250,waitrose,,,,
,cooked duck leg,500,waitrose,,,,
,quorn sausages,250,waitrose,,,,
,brown bread,400,waitrose,,,,
,milk semi skimmed,4000,waitrose,,,,
,milk,100,waitrose,,,,
,hovis,1200,waitrose,,,,
,salami,180,waitrose,,,,
,flora,500,waitrose,,,,
,brussel pate,170,waitrose,,,,
,cream crackers,200,waitrose,,,,
,GF white rolls,200,waitrose,,,,
,honey roast ham,300,waitrose,,,,
,pears,2700,waitrose,,,,
,apples,1400,waitrose,,,,
,shortbread starter kit,2160,waitrose,,,,
,gingerbread starter kit,1578,waitrose,,,,
,beef lasagne,800,waitrose,,,,
,unsmoked gammon steak,300,waitrose,,,,
,spinach omlette,300,waitrose,,,,
,red wine & shallot sauce,200,waitrose,,,,
,choc digestives,200,waitrose,,,,
,chicory,500,waitrose,,,,
,baby sugar snaps,340,waitrose,,,,
,baby corn & sugar snaps,200,waitrose,,,,
,satay sauce,140,waitrose,,,,
,blueberries,175,waitrose,,,,
,farmhouse loaf,800,waitrose,,,,
,soured cream,300,waitrose,,,,
,apples,600,waitrose,,,,
,oranges,237000,GT Produce ,,,,
,chopped carrots,75200,GT Produce ,,,,
,brocolli,40000,GT Produce ,,,,
,new potatoes,4700,GT Produce ,,,,
,cabbage,10200,GT Produce ,,,,
,pre cut chips,38200,GT Produce ,,,,
,carrots loose,2000,GT Produce ,,,,
,penne,3000,NLFB,,,,
,cuppa porridge,278,NLFB,,,,
,long grain rice,1000,NLFB,,,,
,icing sugar,1000,NLFB,,,,
,UHT milk,1000,NLFB,,,,
,cuppa soup,70,NLFB,,,,
,veg rice,250,NLFB,,,,
,rustic veg & ham soup,600,,,,,
,tuna chunks,160,,,,,
,brandy sauce,500,,,,,
,fusuli,1000,,,,,
,chopped tomatoes ,400,,,,,
,Sunday chicken dinner,256,,,,,
,tomato soup ,3100,,,,,
,rice pudding ,825,,,,,
,knorr spring veg soup,48,,,,,
,low fat custard,150,,,,,
,chick peas,800,,,,,
,hobnobs,300,,,,,
,baked beans,2080,,,,,
,mango slices,425,,,,,
,banana custard baby food,250,,,,,
,artichoke hearts,400,,,,,
,aubergines,400,,,,,
,kala chana,400,,,,,
,carnation topping,410,,,,,
,tikka marsala sauce,500,,,,,
,tea bags,20,,,,,
,light mayonnaise,450,,,,,
,typhoo teabags,200,,,,,
,veggi banger mix,125,,,,,
,quaker oats,1000,,,,,
,crispy cookie mix,672,,,,,
,tomato soup w/mexican spices,400,,,,,
,tomato and basil pasta sauce ,440,,,,,
,chilli con carne cooking sauce,500,,,,,
,sweet silverskins,710,,,,,
,mushroom sauce f/ bolognaise,500,,,,,
,mulligatawny soup,400,,,,,
,cheese curls,120,,,,,
,tofu,1047,,,,,
,dolmio lasagne sheets,470,,,,,
,thick veg soup,400,,,,,
,korma cooking sauce,350,,,,,
,TVP Mince flavoured,250,,,,,
,callaloo,280,,,,,
,veg broth,295,,,,,
,chicken soup ,800,,,,,
,cock a leekie soup,400,,,,,
,carrot & coriander soup,400,,,,,
,veg soup,400,,,,,
,apricot halves,840,,,,,
,red pepper paste,75,,,,,
,white sauce mix ,21,,,,,
,chilli con carne mix,50,,,,,
,cous cous,100,,,,,
,veg savoury rice,120,,,,,
,garlic & herb wedges mix,38,,,,,
,preserved seaweed,85,,,,,
,fruit cake,1300,,,,,
,,462703,,,,,
12-Mar,,,,,,,
,walls sausages,1362,,,,,
,pork pie,100,,,,,
,cheese & tomato sandwich,200,,,,,
,,1662,,,,,
13-Mar,,,,,,,
,self raising flour,1500,,,,,
,red cabbage,4080,,,,,
,tomato ketchup,4000,,,,,
,green lentils,780,,,,,
,plain flour,3000,,,,,
,trottole pasta,500,,,,,
,mayonnaise,500,,,,,
,horseradish,180,,,,,
,sweetcorn ,325,,,,,
,chopped tomatoes ,400,,,,,
,beetroot w/ horseradish,1200,,,,,
,plum jam,908,,,,,
,cane sugar,500,,,,,
,passata,500,,,,,
,malt vinegar,125,,,,,
,rapeseed oil,75,,,,,
,paprika,26,,,,,
,curry powder medium,80,,,,,
,curry powder  ,65,,,,,
,mixed herbs,7,,,,,
,toasted sesame oil,175,,,,,
,balsamic vinegar,120,,,,,
,ground cumin,45,,,,,
,icing sugar,200,,,,,
,juniper berries,10,,,,,
,mint,15,,,,,
,cayenne pepper,30,,,,,
,light soy sauce,500,,,,,
,dark soy sauce,740,,,,,
,ground nutmeg,50,,,,,
,pure green tea,20,,,,,
,bay leaves,5,,,,,
,fajita seasoning mix,30,,,,,
,coriander seed,10,,,,,
,parsley  ,3,,,,,
,lemon & ginger tea,10,,,,,
,thyme,16,,,,,
,caster sugar,500,,,,,
,sweet chilli & garlic stir fry sauce,120,,,,,
,oatmeal,250,,,,,
,porridge oats,300,,,,,
,sugar,300,,,,,
,rice chew,150,,,,,
,beef stock cubes,30,,,,,
,chicken stock cubes,90,,,,,
,veg stock cubes,110,,,,,
,quaker oats,250,,,,,
,tomato puree,200,,,,,
,cornflour,250,,,,,
,garlic & herb wedges mix,100,,,,,
,white cabbage,400,,,,,
,butternut squash soup,33600,SUMA,,,,
,vegan pepperoni slices,2400,SUMA,,,,
,potato chips,36000,SUMA,,,,
,carrots,12500,,,,,
,bread,12000,,,,,
,honey & mint lamb shoulder,1520,,,,,
,chinese style pulled pork,1300,,,,,
,pork sausage patties,720,,,,,
,chinese pork loin steaks,1760,,,,,
,BBQ pulled chicken,1200,,,,,
,chicken korma,350,,,,,
,chinese style fillets,2700,,,,,
,,129830,,,,,
14-Mar,,,,,,,
,pasta,9100,,,,,
,bread,2000,,,,,
,milk,3000,,,,,
,sandwiches,4500,,,,,
,bread,2800,,,,,
,cabbage,9850,,,,,
,apples,900,Leeds Kirkgate Market,,,,
,apples,2550,Leeds Kirkgate Market,,,,
,bananas ,900,Leeds Kirkgate Market,,,,
,biscuits  ,700,Leeds Kirkgate Market,,,,
,brocolli,900,Leeds Kirkgate Market,,,,
,brocolli,2550,Leeds Kirkgate Market,,,,
,cabbages,22500,Leeds Kirkgate Market,,,,
,cakes & crisps,23200,Leeds Kirkgate Market,,,,
,cauliflower,12050,Leeds Kirkgate Market,,,,
,cauliflower  ,1300,Leeds Kirkgate Market,,,,
,coriander,250,Leeds Kirkgate Market,,,,
,coriander  ,100,Leeds Kirkgate Market,,,,
,galia melon,23400,Leeds Kirkgate Market,,,,
,melon,1300,Leeds Kirkgate Market,,,,
,onion,100,Leeds Kirkgate Market,,,,
,oranges,600,Leeds Kirkgate Market,,,,
,oranges,43850,Leeds Kirkgate Market,,,,
,peppers,900,Leeds Kirkgate Market,,,,
,peppers,3650,Leeds Kirkgate Market,,,,
,pomegranite,500,Leeds Kirkgate Market,,,,
,potatoes,2100,Leeds Kirkgate Market,,,,
,potatoes,12150,Leeds Kirkgate Market,,,,
,tomatoes,2100,Leeds Kirkgate Market,,,,
,tomatoes,11500,Leeds Kirkgate Market,,,,
,cabbage savoy ,152400,Gleaning network,,,,
,sweetened vinegar sauce,1200,,,,,
,pizza,330,,,,,
,oyster sauce,510,,,,,
,sweetened black rice vinegar,2500,,,,,
,,358240,,,,,
